{
	"ADAPTIVE_STEERING_CAP_ENABLED" : "0",
	"ADAPTIVE_STEERING_CAP_LATERAL_ACC" : "0.22",
	"ADAPTIVE_STEERING_MULT_ENABLED" : "0",
	"ARTIFACTORY_AVM_PSD_MODEL" : "psd,avm_psd,1",
	"ARTIFACTORY_DETECTOR_MODEL" : "centernet,efficientvit,3",
	"ARTIFACTORY_PROJ2MMNET_MODEL" : "new_minimap,proj2mm,23,proj2mm_haifa_entron_05_12_flip_fwd_x3_posw_fp32",
	"ARTIFACTORY_RAFT_LARGE_MODEL" : "unknown_objects,raft_large,1,raft_large",
	"ARTIFACTORY_RAFT_SMALL_MODEL" : "unknown_objects,raft_small,1,raft_small",
	"ARTIFACTORY_SEGNET_MODEL" : "new_minimap,segnet,44,segnet_haifa_20_12_pretrained_from_generalized_segnet_phr_fp32",
	"ARTIFACTORY_SIGNS_CLASSIFIER_MODEL" : "tl_classifier,ts_israel,1",
	"ARTIFACTORY_SPACENET_MODEL" : "spacenet,hpcc-25m,5,_fm_",
	"ARTIFACTORY_STITCHNET_MODEL" : "new_minimap,stitchnet,25,stitchnet_haifa_20_12_fp32",
	"ARTIFACTORY_TRAFFIC_LIGHT_MODEL" : "tl_classifier,tl_israel,1",
	"ARTIFACTORY_URBAN_PSD_MODEL" : "psd,urban_psd,1",
	"BLOCKED_LANE_HIGHEST_REUCTION_SPEED" : "15",
	"BLOCKED_LANE_LOWEST_REUCTION_SPEED" : "3",
	"BLOCKED_LANE_MAX_SPEED_REDUCTION" : "100",
	"BLOCKED_LANE_MIN_SPEED_REDUCTION" : "100",
	"BUS_STATIONS_ENABLED" : "0",
	"BUS_STATIONS_GPS_FILE" : "",
	"BUS_STATION_RANGE_X_MAX" : "75",
	"BUS_STATION_RANGE_X_MIN" : "-30",
	"BUS_STATION_RANGE_Y_MAX" : "5",
	"BUS_STATION_RANGE_Y_MIN" : "-20",
	"BUS_STOP_FSM_BOARDING_TIME_SECONDS" : "20",
	"BUS_STOP_FSM_CLOSE_DOORS_GRACE_PERIOD" : "5",
	"BUS_STOP_FSM_CLOSE_DOORS_MAX_TRIES" : "3",
	"BUS_STOP_FSM_ENABLED" : "1",
	"BUS_STOP_FSM_OPEN_DOORS_GRACE_PERIOD" : "5",
	"BUS_STOP_FSM_OPEN_DOORS_MAX_TRIES" : "3",
	"CALCULATE_PHANTOM_RIGHT_LANE" : "1",
	"CAMS_CALIBRATION_MODE_ENABLED" : "0",
	"CAN_ENABLED" : "1",
	"CARFOLLOW_FRAMES_THRESHOLD_FOR_STOPPED_LEADER" : "10",
	"CARFOLLOW_MAX_SPEED_REDUCTION" : "100",
	"CARFOLLOW_MIN_SPEED_REDUCTION" : "100",
	"CARFOLLOW_SPEED_REDUCTION_FOR_LOW_SPEED" : "5.",
	"CARFOLLOW_SPEED_REDUCTION_FOR_SIDE_LEADER" : "100",
	"CARFOLLOW_STOP_DISTANCE" : "5.5",
	"CAR_POSE_MODE" : "AHRS",
	"CAR_TURNING_MAX_SPEED_REDUCTION" : "100",
	"CAR_TURNING_MIN_SPEED_REDUCTION" : "100",
	"COLLISION_MAX_SPEED_REDUCTION" : "100",
	"COLLISION_MIN_SPEED_REDUCTION" : "100",
	"COLLISION_SWEPT_AREA_MINIMUM_LENGTH" : "5",
	"CONTI_DSG_DEBUG_OBJECTS_ENABLED" : "0",
	"CONTI_DSG_ENABLED" : "0",
	"CONTI_DSG_OBJECTS_ENABLED" : "0",
	"CONTI_MIN_AREA_FOR_SIMPLIFIED_POLY" : "100",
	"CONTI_PATH_TRAJECTORY_EXPORTER_ENABLED" : "0",
	"CONTI_STATIC_OBSTACLES_ENABLED" : "0",
	"CONTI_VD_ENABLED" : "0",
	"CONTI_VEHICLE_ODOMETRY_ENABLED" : "0",
	"CONTI_VISUALIZATION_IMAGES_ENABLED" : "0",
	"CONTROL_POINT_SIGNED_OFFSET_METERS_X" : "-2.7",
	"CONTROL_POINT_SIGNED_OFFSET_METERS_Y" : "0.0",
	"CORRECT_OBJECT_CENTER_ENABLED" : "1",
	"CORRECT_ROTATION_Y_ENABLED" : "1",
	"CPU_GPU_UTILIZATION_REPORT_ENABLED" : "0",
	"CROSSWALK_CROSSING_PEDESTRIAN_MAX_DEPTH" : "40",
	"CROSSWALK_MAXIMUM_RANGE_FOR_EMPTY_CROSSWALK" : "70",
	"CROSSWALK_MAX_SPEED_FOR_RELEVANT_CROSSWALK" : "25",
	"CROSSWALK_MAX_SPEED_REDUCTION" : "100",
	"CROSSWALK_PEDESTRIAN_ON_CROSSWALK_FRAME_THRESHOLD" : "5",
	"CROSSWALK_SHRINK_FACTOR" : "1.5",
	"CRUISE_CONTROLLER_LOGGING_ENABLED" : "1",
	"CRUISE_CONTROL_ACC_INC_ZERO_SPEED" : "5.",
	"CRUISE_CONTROL_ADAPTIVE_IMU_PITCH_DECLINE_FACTOR" : "0.7",
	"CRUISE_CONTROL_ADAPTIVE_IMU_PITCH_DECLINE_IGNORE_THRESHOLD" : "1",
	"CRUISE_CONTROL_ADAPTIVE_IMU_PITCH_ENABLED" : "0",
	"CRUISE_CONTROL_ADAPTIVE_IMU_PITCH_FILTER" : "0.1",
	"CRUISE_CONTROL_ADAPTIVE_IMU_PITCH_INCLINE_FACTOR" : "0.0",
	"CRUISE_CONTROL_ADAPTIVE_IMU_PITCH_THRESHOLD" : "1.5",
	"CRUISE_CONTROL_ADAPTIVE_MAX_BRAKE_CURRENT_SPEED_FACTOR" : "0.4",
	"CRUISE_CONTROL_ADAPTIVE_MAX_BRAKE_IMU_DECLINE_THRESHOLD" : "-2.5",
	"CRUISE_CONTROL_ADAPTIVE_MAX_BRAKE_IMU_ENABLED" : "1",
	"CRUISE_CONTROL_ADAPTIVE_MAX_BRAKE_IMU_INCLINE_SPEED_LIMIT_THRESHOLD" : "4.0",
	"CRUISE_CONTROL_ADAPTIVE_MAX_BRAKE_IMU_INCLINE_THRESHOLD" : "2.5",
	"CRUISE_CONTROL_ADAPTIVE_MAX_BRAKE_MIN" : "21.",
	"CRUISE_CONTROL_ADAPTIVE_MAX_BRAKE_MIN_Parking" : "14",
	"CRUISE_CONTROL_ADAPTIVE_MAX_BRAKE_PITCH_DECLINE_FACTOR" : "1.2",
	"CRUISE_CONTROL_ADAPTIVE_MAX_BRAKE_SPEED_ERR_FACTOR" : "1.2",
	"CRUISE_CONTROL_BASE_BRAKE_FOR_MIN_BRAKE_FOR_PITCH" : "12",
	"CRUISE_CONTROL_BRAKE_STEP_IN_STOPPING" : "5",
	"CRUISE_CONTROL_BRAKE_THROTTLE_MIN_SWITCH_TIME" : "2.",
	"CRUISE_CONTROL_BRAKE_THROTTLE_MIN_SWITCH_TIME_LOW_SPEED" : "0.2",
	"CRUISE_CONTROL_BRAKE_THROTTLE_MIN_SWITCH_TIME_MAX_ACC_STATUS" : "0",
	"CRUISE_CONTROL_DECLINE_BRAKE_THROTTLE_SWITCH_TIME" : "7",
	"CRUISE_CONTROL_DECLINE_SPEED_THRESHOLD_FOR_NO_THROTTLE" : "10",
	"CRUISE_CONTROL_ENABLE_FULL_BRAKE_IN_STOPPING" : "0",
	"CRUISE_CONTROL_ENABLE_LOW_SPEED_ADDITION_FOR_MAX_BRAKE" : "0",
	"CRUISE_CONTROL_ENABLE_MAX_BRAKE_WHEN_STOPPING" : "1",
	"CRUISE_CONTROL_ENABLE_MAX_THROTTLE" : "0",
	"CRUISE_CONTROL_FREQUENCY_CUTOFF" : "0.8",
	"CRUISE_CONTROL_HIGH_SPEED_THRESHOLD" : "45",
	"CRUISE_CONTROL_INCLINE_PITCH_FACTOR" : "2.5",
	"CRUISE_CONTROL_INCLINE_PITCH_FACTOR_LOW_SPEED" : "3",
	"CRUISE_CONTROL_LOW_BRAKE_THRESHOLD" : "10",
	"CRUISE_CONTROL_LOW_SPEED_ADDITION_FOR_MAX_BRAKE" : "0",
	"CRUISE_CONTROL_LOW_SPEED_FACTOR_FOR_MAX_BRAKE" : "0.5",
	"CRUISE_CONTROL_LOW_SPEED_THRESHOLD" : "1.8",
	"CRUISE_CONTROL_LOW_SPEED_THRESHOLD_FOR_INC_BRAKE" : "13",
	"CRUISE_CONTROL_MAX_ACCELERATION" : "0.8",
	"CRUISE_CONTROL_MAX_ADDITION_FOR_MIN_BRAKE_FOR_PITCH" : "5",
	"CRUISE_CONTROL_MAX_BRAKE" : "65",
	"CRUISE_CONTROL_MAX_CHANGE_IN_BRAKE_DECREASE" : "0.5",
	"CRUISE_CONTROL_MAX_DECELERATION" : "2.0",
	"CRUISE_CONTROL_MAX_EMERGENCY_DECELERATION" : "3.0",
	"CRUISE_CONTROL_MAX_JERK" : "1.6",
	"CRUISE_CONTROL_MAX_THROTTLE" : "50",
	"CRUISE_CONTROL_MIN_ERROR_ACC" : "0.5",
	"CRUISE_CONTROL_MIN_SPEED_FOR_APPLY_MIN_BRAKE_FOR_DECLINE" : "15",
	"CRUISE_CONTROL_MIN_SPEED_FOR_HARSH_BRAKE" : "25",
	"CRUISE_CONTROL_MIN_SPEED_FOR_HARSH_BRAKE_GENERAL_RULE" : "100",
	"CRUISE_CONTROL_MIN_THROTTLE_CURRENT_SPEED_FACTOR" : "0",
	"CRUISE_CONTROL_PID_ACC_KD" : "0.0",
	"CRUISE_CONTROL_PID_ACC_KD_ERROR_FACTOR" : "0",
	"CRUISE_CONTROL_PID_ACC_KI" : "2.0",
	"CRUISE_CONTROL_PID_ACC_KI_ERROR_FACTOR" : "0.0",
	"CRUISE_CONTROL_PID_ACC_KP" : "9.",
	"CRUISE_CONTROL_PID_ACC_KP_ERROR_FACTOR" : "0.8",
	"CRUISE_CONTROL_PID_ACC_KP_FACTOR_HIGH_SPEED" : "2.",
	"CRUISE_CONTROL_PID_ACC_KP_ZERO_SPEED" : "27",
	"CRUISE_CONTROL_PID_ACC_ZERO_SPEED_THRESHOLD" : "2.0",
	"CRUISE_CONTROL_PID_DEAD_BAND_MAX" : "1.5",
	"CRUISE_CONTROL_PID_DEAD_BAND_MIN" : "-0.75",
	"CRUISE_CONTROL_PID_DEC_KD" : "1.0",
	"CRUISE_CONTROL_PID_DEC_KD_ERROR_FACTOR" : "0.0",
	"CRUISE_CONTROL_PID_DEC_KI" : "2.0",
	"CRUISE_CONTROL_PID_DEC_KI_ERROR_FACTOR" : "0.0",
	"CRUISE_CONTROL_PID_DEC_KP" : "10.",
	"CRUISE_CONTROL_PID_DEC_KP_ERROR_FACTOR" : "1.2",
	"CRUISE_CONTROL_PID_DEC_KP_ERROR_FACTOR_DECLINE" : "1.2",
	"CRUISE_CONTROL_PID_TARGET_SPEED_FILTER" : "0.08",
	"CRUISE_CONTROL_RESIDUAL_DECELERATION" : "0.7",
	"CRUISE_CONTROL_RESTRAINT_COEFFICIENT" : "3.0",
	"CRUISE_CONTROL_SHEBA" : "0",
	"CRUISE_CONTROL_SHORTCUT_ACCELERATION_COEFFICIENT" : "0.018",
	"CRUISE_CONTROL_SHORTCUT_FREQUENCY_CUTOFF" : "2.0",
	"CRUISE_CONTROL_SHORTCUT_MAX_ACCELERATION" : "2.0",
	"CRUISE_CONTROL_SHORTCUT_MAX_DECELERATION" : "3.5",
	"CRUISE_CONTROL_SHORTCUT_MAX_JERK" : "3.0",
	"CRUISE_CONTROL_SHORTCUT_RESTRAINT_COEFFICIENT" : "3.8",
	"CRUISE_CONTROL_SMALL_ERROR" : "0.3",
	"CRUISE_CONTROL_SMOOTH_BRAKE_LOW_BRAKE_VALUES" : "0",
	"CRUISE_CONTROL_SPEED_SMALL_ERROR_THRESHOLD" : "5",
	"CRUISE_CONTROL_STOPPING_BRAKE_CALC_SPEED_THRESHOLD" : "10",
	"CRUISE_CONTROL_STOPPING_DIST_MULTIPLIER" : "0.18",
	"CRUISE_CONTROL_TARGET_SPEED_FILTER" : "0.5",
	"CRUISE_CONTROL_THROTTLE_BRAKE_MIN_SWITCH_TIME" : "0.15",
	"CRUISE_CONTROL_THROTTLE_BRAKE_MIN_SWITCH_TIME_MAX_ACC_STATUS" : "0",
	"CURVATURE_MAX_SPEED_REDUCTION" : "100",
	"CURVATURE_MAX_STEER_SPEED" : "7",
	"DASHBOARD_ODOMETRY_TO_WHEEL_SPEED_MULTIPLIER" : "0.909",
	"DATA_CAPTURING_ENABLED" : "1",
	"DATA_CAPTURING_PATH" : "",
	"DATA_CAPTURING_SPLIT_MIN" : "10",
	"DATA_EXPORTER_ENABLED" : "0",
	"DEBUG_CHARTS_ENABLED" : "0",
	"DEBUG_VIEW_OTC_ENABLED" : "1",
	"DEBUG_VIEW_RRT_ENABLED" : "1",
	"DEFAULT_NAVIGATION_GRAPH_JSON" : "Haifa_extended_route_merged_final.json",
	"DELAY_CSV_LOGGING_ENABLED" : "0",
	"DELETE_MERGED_OBJECTS_ENABLED" : "0",
	"DETECTOR_BACK_CAMS_OBJECTS" : "1",
	"DETECTOR_ENABLE_BIG_OBJECT_LOCATION_FIX" : "1",
	"DETECTOR_ENABLE_SWITCHABLE_CAM_SETUP" : "1",
	"DETECTOR_ENABLE_X_LOCATION_REGRESSION" : "0",
	"DETECTOR_FAR_NOT_INTERESTING_OBJECTS" : "1",
	"DETECTOR_FIX_BIG_OBJECT_LOCATION" : "0",
	"DETECTOR_FRONT_SIDE_CAMS_FILTER_OBJECTS_TURNS" : "1",
	"DETECTOR_FRONT_SIDE_CAMS_SHIFT_CLOSE_VEHICLES" : "0",
	"DETECTOR_IMPOSE_MIN_DIMS" : "1",
	"DETECTOR_INCLUDES_MIN_DEPTH" : "1",
	"DETECTOR_IS_SINGLE_ROT_BIN" : "1",
	"DETECTOR_IS_VIT" : "1",
	"DETECTOR_IS_YOLO" : "0",
	"DETECTOR_MID_TO_LONG_ENABLE" : "0",
	"DETECTOR_MID_TO_LONG_MUL" : "2.2",
	"DETECTOR_MID_TO_LONG_SUBSTRACT" : "0.",
	"DETECTOR_OBSTACLES_HANDLING" : "1",
	"DETECTOR_SHIFT_HM_REG_XS" : "0.0",
	"DETECTOR_SHIFT_HM_REG_YS" : "0.0",
	"DETECTOR_VEHICLE_MASK_ENABLED" : "1",
	"DISABLE_CONTROLLER_STEERING_SMOOTHING" : "0",
	"DISTRIBUTED_GRPC_COMPONENT_PORT" : "50061",
	"DISTRIBUTED_GRPC_PROCESSOR_PORT" : "50062",
	"DISTRIBUTED_SERVER_HOST" : "0.0.0.0",
	"DLC_ANTI_WINDUP" : "false",
	"DLC_COASTING_MODE_THRESHOLD_SPEED" : "1.4",
	"DLC_ENABLE_HALTING_MODE" : "true",
	"DLC_HALT_MODE_ADDITIONAL_BRAKE_RATE" : "0.1",
	"DLC_HALT_MODE_MIN_BRAKE_CONTROL" : "-0.45",
	"DLC_HALT_MODE_TARGET_SPEED" : "0.1",
	"DLC_HALT_MODE_VEHICLE_SPEED" : "0.25",
	"DLC_KD_DEFAULT_BRAKE" : "0.0",
	"DLC_KD_DEFAULT_THROTTLE" : "0.0",
	"DLC_KII_DEFAULT_BRAKE" : "0.01",
	"DLC_KII_DEFAULT_THROTTLE" : "0.0",
	"DLC_KI_DEFAULT_BRAKE" : "0.08",
	"DLC_KI_DEFAULT_THROTTLE" : "0.05",
	"DLC_KP_BRAKE_COASTING_MODE" : "0.11",
	"DLC_KP_DEFAULT_BRAKE" : "0.22",
	"DLC_KP_DEFAULT_THROTTLE" : "0.38",
	"DLC_KP_THROTTLE_COASTING_MODE" : "0.24",
	"DLC_MAX_CONTROL_BRAKE" : "0.0",
	"DLC_MAX_CONTROL_DERIVATIVE_BRAKE" : "-1",
	"DLC_MAX_CONTROL_DERIVATIVE_THROTTLE" : "-1",
	"DLC_MAX_CONTROL_THROTTLE" : "1.0",
	"DLC_MAX_DOUBLE_INTEGRAL_TERM_BRAKE" : "0.1",
	"DLC_MAX_DOUBLE_INTEGRAL_TERM_THROTTLE" : "0.05",
	"DLC_MAX_INTEGRAL_ERROR_GLOBAL" : "0.5",
	"DLC_MAX_INTEGRAL_TERM_BRAKE" : "0.2",
	"DLC_MAX_INTEGRAL_TERM_THROTTLE" : "0.1",
	"DLC_MIN_CONTROL_BRAKE" : "-1.0",
	"DLC_MIN_CONTROL_THROTTLE" : "0.0",
	"DLC_MIN_INTEGRAL_ERROR_GLOBAL" : "-0.5",
	"DLC_NEGATIVE_VELOCITY_BRAKE_TO_THROTTLE_THRESH" : "0.5",
	"DLC_THRESHOLD_BRAKE_MODE" : "-0.01",
	"DLC_THRESHOLD_THROTTLE_MODE" : "0.05",
	"DLC_VEHICLE_VELOCITY_SHAPER_FREQ_CUTOFF" : "1.0",
	"DLC_VEHICLE_VELOCITY_SHAPER_MAX_ACC" : "10.0",
	"DLC_VEHICLE_VELOCITY_SHAPER_MAX_NEGATIVE_RATE" : "10.0",
	"DLC_VEHICLE_VELOCITY_SHAPER_MAX_RATE" : "10.0",
	"DLC_VEHICLE_VELOCITY_SHAPER_ORDER" : "0",
	"DLC_VEHICLE_VELOCITY_SHAPER_RESTRAINT_COEFFICIENT" : "1.2",
	"DLC_VELOCITY_PROFILE_SHAPER_FREQ_CUTOFF" : "3.0",
	"DLC_VELOCITY_PROFILE_SHAPER_MAX_ACC" : "2.6",
	"DLC_VELOCITY_PROFILE_SHAPER_MAX_NEGATIVE_RATE" : "2.0",
	"DLC_VELOCITY_PROFILE_SHAPER_MAX_RATE" : "2.0",
	"DLC_VELOCITY_PROFILE_SHAPER_ORDER" : "0",
	"DLC_VELOCITY_PROFILE_SHAPER_RESTRAINT_COEFFICIENT" : "5.0",
	"DRAW_HEXAGON_PEDESTRIAN_RULE" : "1",
	"DRAW_HEXAGON_PRIORITY_RULE" : "0",
	"DRAW_POLYGONS_CROSSWALK_MM_INTERPETER" : "0",
	"DRAW_POLYGONS_CROSSWALK_SPEED_RULE" : "1",
	"DRAW_RELEVANT_PEDESTRIAN_CROSSWALK_SPEED_RULE" : "0",
	"DRAW_STOPPING_AREA_PEDESTRIAN_RULE" : "1",
	"DRAW_SWEPT_AREA_COLLISION_RULE" : "0",
	"DRIVE_MAX_SPEED_REDUCTION" : "100",
	"DRIVE_MIN_SPEED_REDUCTION" : "100",
	"DRIVE_ON_PATH_TYPE" : "Driving",
	"ECENTRO_BRAKE_FILTER" : "1",
	"ECENTRO_STEERING_CONTROL_OFFSET" : "0",
	"ECENTRO_STEERING_READ_OFFSET" : "0",
	"ECENTRO_THROTTLE_FILTER" : "1",
	"ENABLE_BASE_PATH_PA_FOR_LANE_SWITCHING" : "0",
	"ENABLE_CORRECT_BIG_OBJECT_LOCATION_FRONT_CAM" : "1",
	"ENABLE_CROSSING_MODE_PEDESTRIAN_SPEED_RULE" : "1",
	"ENABLE_DEBUG_SN_COLLISION_CHECK" : "0",
	"ENABLE_DEBUG_SN_COLLISION_CHECK_SAVE_IMAGES" : "0",
	"ENABLE_DETACHED_BLOB_REMOVAL" : "0",
	"ENABLE_DRAWING_IMAGE_TOPIC" : "1",
	"ENABLE_DRAWING_PHANTOM_OBJECTS_SAME_COLOR" : "0",
	"ENABLE_DSG_PERCEPTION_FRAME_FPS_DEBUG_MSG" : "0",
	"ENABLE_EMERGENCY_STOPPING_FEATURE" : "0",
	"ENABLE_EXTENDED_SWERVE_FEATURE" : "0",
	"ENABLE_FILTER_CLOSE_WRONG_OBJECTS" : "0",
	"ENABLE_IMG_TO_TRAJECTORY_HANDLER_FPS_DEBUG_MSG" : "0",
	"ENABLE_LANE_DIVIDER_EXTRACTION_FPS_DEBUG_MSG" : "0",
	"ENABLE_LINEAR_CRUISE_CONTROL" : "1",
	"ENABLE_LOWER_FRAME_RATE" : "1",
	"ENABLE_MP_CONTROL" : "1",
	"ENABLE_MP_CONTROL_SPEED_CHANGE" : "1",
	"ENABLE_NISSAN_DEBUG_MSG" : "0",
	"ENABLE_OBJECT_PREDICTION" : "1",
	"ENABLE_OVERTAKEN_EXITING_BUS_STOP" : "0",
	"ENABLE_PARALLEL_TRANSFORM" : "0",
	"ENABLE_PATH_HANDLER_FPS_DEBUG_MSG" : "0",
	"ENABLE_PATH_PLANNERS_HANDLER_FPS_DEBUG_MSG" : "0",
	"ENABLE_PATH_STABILIZATION" : "0",
	"ENABLE_PA_WEAKENING" : "0",
	"ENABLE_PERCEPTION_WORKAROUNDS" : "1",
	"ENABLE_PHANTOM_RIGHT_LANE_DIVIDER_FPS_DEBUG_MSG" : "0",
	"ENABLE_PITCH_VALUE_USAGE" : "1",
	"ENABLE_ROAD_DESCRIPTION_HANDLER_FPS_DEBUG_MSG" : "0",
	"ENABLE_SAVE_CROSSWALKS_AHEAD_PICTURES" : "0",
	"ENABLE_SN_CAR_BOX_OVERRIDE" : "0",
	"ENABLE_SN_CREATE_PLANNER_FRAME_FPS_DEBUG_MSG" : "0",
	"ENABLE_SN_CUT_FORWARD_BLOB" : "0",
	"ENABLE_SN_CUT_FORWARD_BLOB_DEBUG_MSG" : "0",
	"ENABLE_SN_FILTER_DISTANCE_CARS" : "0",
	"ENABLE_SN_FORWARD_PASS_FPS_DEBUG_MSG" : "0",
	"ENABLE_SN_MASK_INPUT_RADIUS" : "0",
	"ENABLE_SN_PEDESTRIAN_BOX_OVERRIDE" : "0",
	"ENABLE_SN_POST_PROCESS_FPS_DEBUG_MSG" : "0",
	"ENABLE_SN_PRE_PROCESS_FPS_DEBUG_MSG" : "0",
	"ENABLE_SN_PROCESS_INPUT_FRAME_FPS_DEBUG_MSG" : "0",
	"ENABLE_SN_SAVE_HEATMAP_DEBUG" : "0",
	"ENABLE_SN_SET_CARS_AS_STATIC" : "0",
	"ENABLE_SN_SKIP_EVERY_FRAMES" : "0",
	"ENABLE_SN_SKIP_SAME_TIMESTAMP_MM" : "0",
	"ENABLE_SN_STATIC_BOX_OVERRIDE" : "0",
	"ENABLE_SN_TRIGGER_LOG_FILE" : "0",
	"ENABLE_SPEED_HANDLER_FPS_DEBUG_MSG" : "0",
	"ENABLE_STOP_SIGN_FILTER" : "1",
	"ENABLE_SWERVE_FEATURE_PARTIALLY" : "0",
	"ENABLE_SWERVE_SINGLE_LANE" : "1",
	"ENABLE_TARGET_SPEED_SMOOTHING" : "1",
	"ENTRON_AGC_DEBUG_PRINTS_ENABLED" : "0",
	"ENTRON_AGC_DESIRED_LIGHTNESS" : "90",
	"ENTRON_AGC_MAXIMAL_LIGHTNESS_THRESHOLD" : "110",
	"ENTRON_AGC_MINIMAL_LIGHTNESS_THRESHOLD" : "75",
	"ENTRON_AGC_PIXEL_THRESHOLD" : "255",
	"ENTRON_AUTOMATIC_EXPOSURE_ENABLED" : "1",
	"ENTRON_AUTOMATIC_EXPOSURE_KI" : "0.7",
	"ENTRON_AUTOMATIC_EXPOSURE_KP" : "1.3",
	"ENTRON_SXPF_CARD_ID" : "0",
	"EXPOSURE_CORRECTION_MODE" : "NEW",
	"EXTRACTION_ROAD_MASK_UNDER_EGO_ENABLED" : "1",
	"FILTER_OCCLUDED_OBJECTS_TRAJECTORY_ENABLED" : "1",
	"FILTER_SLOW_OBJECTS_TRAJECTORY_ENABLED" : "1",
	"FILTER_TRACKED_OBJECTS_BY_AZIMUTH_RANGE_ENABLED" : "1",
	"FILTER_UNVISIBLE_OBJECT_TRAJECTORY_ENABLED" : "0",
	"FORCE_FULL_MM" : "0",
	"FORCE_GPS_ENABLED" : "0",
	"GPS_ANTENNA_POSITION" : "-0.04,-0.005,1.545",
	"GPS_ENABLED" : "0",
	"GPS_TYPE" : "GlobalSat",
	"HIGH_THRESHOLD_SPEED_LIMIT" : "60",
	"IGNORE_CHECKING_OBJECTS_BACK_CAMS_FOR_LANE_SWITCHING" : "0",
	"IMU_ENABLED" : "1",
	"IMU_FPS" : "100",
	"IMU_HEADING_OFFSET" : "0",
	"IMU_INS401_RTK_ENABLED" : "0",
	"IMU_POSITION" : "-0.055,-0.04,1.24",
	"IMU_TYPE" : "OpenIMU",
	"INS401_FIRMWARE_VERSION" : "v28.04",
	"INS401_INTERFACE" : "enp67s0f0",
	"INS401_LEVER_ARM" : "0.692,-0.2435,-0.82",
	"INSIDE_ROUNDABOUT_SIGN_DISTANCE_THRESHOLD" : "-8.",
	"INTENT_APPLY_DURING_LANE_SWITCHING" : "0",
	"INTENT_MAX_SPEED_REDUCTION" : "100",
	"LANE_DIVIDER_CAR_CENTER_OFFSET_FACTOR" : "1.5",
	"LANE_DIVIDER_PADDING" : "1",
	"LANE_DIVIDER_ROI_LENGTH_FACTOR" : "2.0",
	"LANE_DIVIDER_ROI_WIDTH_FACTOR" : "2.0",
	"LANE_POSITION_HANDLER_ENABLED" : "0",
	"LANE_SWITCHING_SPEED_LIMIT" : "40",
	"LATERAL_CONTROLLER" : "MPC_ControlAPI",
	"LATERAL_CONTROLLER_ENABLED" : "1",
	"LEADER_DETECTOR_SPEED_THRESHOLD_FOR_USING_BASE_PATH" : "-1",
	"LEFT_HAND_DRIVE_ENABLED" : "0",
	"LEFT_SPEED_LIMIT" : "40",
	"LIDAR_CAPTURE_INTERFACE_IP" : "10.1.2.102",
	"LIDAR_DATA_COLLECTION_TYPE" : "HDF5",
	"LIDAR_ENABLED" : "1",
	"LIDAR_HEADING" : "0.0",
	"LIDAR_INTERFACE" : "enp67s0f1",
	"LIDAR_INTERFACE_IP" : "192.168.2.1",
	"LIDAR_IP" : "192.168.2.3",
	"LIDAR_PITCH" : "0.0",
	"LIDAR_POINT_CLOUD_TYPE" : "XYZI",
	"LIDAR_POSITION" : "-1.919,0.007,2.00",
	"LIDAR_ROLL" : "0.0",
	"LIDAR_TYPE" : "ROBOSENSE",
	"LOCALE" : "EU",
	"LOGGER_FILES_MAX_COUNT" : "0",
	"LOGGER_FILES_MAX_SIZE" : "0",
	"LOG_MP_END_TO_END_DELAY" : "0",
	"LOG_TRAJECTORY_ON_FRONT_AXLE_AND_FRAME" : "1",
	"LONGITUDINAL_CONTROLLER" : "ControlAPI",
	"LONGITUDINAL_CONTROLLER_ENABLED" : "1",
	"LOW_SPEED_LONG_STOP_THRESHOLD" : "1.9",
	"LOW_SPEED_SHORT_STOP_THRESHOLD" : "1.0",
	"MAX_INC_FOR_STEERING_SWERVE_FEATURE" : "35",
	"MAX_Y_FOR_CLOSE_BIG_OBJECT" : "3.5",
	"MERGE_OBJECTS_IN_OVERLAP_ENABLED" : "1",
	"MERGE_PATH_WITH_LANE_CENTER" : "0",
	"MERGE_PATH_WITH_LANE_CENTER_PE" : "0",
	"MIRROR_TEXT_IN_BEV" : "1",
	"MM_CURB_DEBUG_VIEW_ENABLED" : "0",
	"MM_CURB_DETECTOR_ENABLED" : "0",
	"MM_DEBUG_VIEWS_ENABLED" : "0",
	"MM_ENABLE_SWITCHABLE_CAM_SETUP" : "1",
	"MM_INTERPRETER_CROSSWALK_MIN_AREA" : "5",
	"MM_INTERPRETER_ENABLED" : "1",
	"MM_LANE_COMPREHENSION_ENABLED" : "1",
	"MM_NET_TYPE" : "SEGNET_STITCHNET",
	"MM_NET_TYPE_Parking" : "SEGNET_PROJ2MM",
	"MM_PHR_SOURCE" : "SEGNET_PHR",
	"MM_PHR_SOURCE_Parking" : "SEGNET_PHR",
	"MM_SKELETONIZE_LANE_DIVIDERS" : "1",
	"MM_USE_ARGMAX_STITCHING" : "0",
	"MM_USE_CROPS" : "0",
	"MM_USE_CROPS_Parking" : "0",
	"MM_USE_FRONT_CAMS_PRIORITY_MASK" : "1",
	"MM_USE_FRONT_LONG" : "0",
	"MM_USE_FRONT_MID" : "0",
	"MM_USE_LEFTBACK_RIGHTBACK" : "0",
	"MM_USE_PRIORITY_MASK" : "1",
	"MM_USE_STITCHING" : "1",
	"MM_USE_TOPICS_FROM_JSON" : "1",
	"MM_VEHICLE_MASK_ENABLED" : "1",
	"MM_ZERO_OUT_ROAD_UNDER_BIKE_LANE" : "0",
	"MM_ZERO_OUT_ROAD_UNDER_BUS_BAY" : "1",
	"MM_ZERO_OUT_ROAD_UNDER_ISLAND" : "0",
	"MODEL_PATH_AVMPsd" : "avm_psd/1",
	"MODEL_PATH_Detector" : "efficientvit/3",
	"MODEL_PATH_PROJ2MMNET" : "proj2mm/23",
	"MODEL_PATH_PROJ2MMNET_Parking" : "proj2mm/23",
	"MODEL_PATH_RAFT_LARGE" : "",
	"MODEL_PATH_RAFT_SMALL" : "",
	"MODEL_PATH_SEGNET" : "segnet/44",
	"MODEL_PATH_SEGNET_Parking" : "segnet/44",
	"MODEL_PATH_STITCHNET" : "stitchnet/25",
	"MODEL_PATH_STITCHNET_Parking" : "stitchnet/25",
	"MODEL_PATH_SignsClassifier" : "ts_israel/1",
	"MODEL_PATH_SpaceNet" : "hpcc-25m/5",
	"MODEL_PATH_SpaceNet_Parking" : "hpcc-25m/5",
	"MODEL_PATH_TrafficLight" : "tl_israel/1",
	"MODEL_PATH_TrafficMarks" : "",
	"MODEL_PATH_UrbanPsd" : "urban_psd/1",
	"MODULE_ENABLER_HANDLER_ENABLED" : "0",
	"MPC_LEGACY_ACC_MAX" : "7.0",
	"MPC_LEGACY_ACC_MULT" : "1.0",
	"MPC_LEGACY_CONTRADICTING_CHANGE_PATH_ANGLE_THRESHOLD" : "60",
	"MPC_LEGACY_CONTRADICTING_CHANGE_STEERING_THRESHOLD" : "30",
	"MPC_LEGACY_DEC_MAX" : "9.0",
	"MPC_LEGACY_DEC_MULT" : "1.0",
	"MPC_LEGACY_EXTREME_CHANGE_FIX_ENABLED" : "1",
	"MPC_LEGACY_EXTREME_CHANGE_STEERING_THRESHOLD" : "500",
	"MPC_LEGACY_HIGH_SPEED_THRESHOLD_FOR_LANE_SWITCHING" : "45",
	"MPC_LEGACY_LOG_DEFAULT_MULT" : "0.9",
	"MPC_LEGACY_LOOK_AHEAD_FACTOR" : "5",
	"MPC_LEGACY_MAX_STEERING_ON_HIGH_SPEED_FOR_LANE_SWITCHING" : "15",
	"MPC_LEGACY_POLY_FIT_WINDOW_MULT" : "1.0",
	"MPC_LEGACY_START_POINT_X_OFFSET" : "0",
	"MPC_LEGACY_START_POINT_X_OFFSET_CURVE_FILTER" : "0.9",
	"MPC_LEGACY_START_POINT_X_OFFSET_CURVE_LOOKAHEAD" : "7",
	"MPC_LEGACY_START_POINT_X_OFFSET_CURVE_MULT" : "2.",
	"MPC_LEGACY_START_POINT_X_OFFSET_CURVE_QUEUE_WINDOW" : "14",
	"MPC_LEGACY_START_POINT_X_OFFSET_CURVE_RMAX" : "10",
	"MPC_LEGACY_START_POINT_X_OFFSET_ENABLED" : "0",
	"MPC_LEGACY_STEERING_FILTER_FACTOR" : "1.",
	"MPC_LEGACY_STEERING_MAX" : "0.92",
	"MPC_LEGACY_STEERING_MULT" : "-1",
	"MPC_LEGACY_STEERING_MULT_OVERTAKE" : "0.9",
	"MPC_LEGACY_STEERING_MULT_Parking" : "1.3",
	"MPC_LEGACY_SWITCHING_TIME_ENABLED" : "0",
	"MPC_LEGACY_SWITCHING_TIME_THRESHOLD" : "0",
	"MPC_LEGACY_SWITCHING_TIME_THRESHOLD_HIGH_STEERING" : "0",
	"MPC_LEGACY_W_a" : "30.0",
	"MPC_LEGACY_W_cte" : "100.0",
	"MPC_LEGACY_W_cte_speed_factor" : "-3.0",
	"MPC_LEGACY_W_da" : "15.0",
	"MPC_LEGACY_W_ddelta" : "1800.0",
	"MPC_LEGACY_W_delta" : "100.0",
	"MPC_LEGACY_W_epsi" : "100.0",
	"MPC_LEGACY_W_v_a" : "40.0",
	"MPC_LEGACY_W_v_d" : "900.0",
	"MPC_TYPE" : "POLYFIT",
	"MPC_V1_ACC_MAX" : "7.0",
	"MPC_V1_ACC_MULT" : "1.0",
	"MPC_V1_ADAPTIVE_STEERING_HIGH_SPEED_POINT" : "30",
	"MPC_V1_ADAPTIVE_STEERING_HIGH_SPEED_WEIGHT" : "50.0",
	"MPC_V1_ADAPTIVE_STEERING_LOW_SPEED_WEIGHT" : "1.0",
	"MPC_V1_ADAPTIVE_STEERING_SPEED_TH" : "15",
	"MPC_V1_ADAPTIVE_STEERING_WEIGHT_ENABLED" : "1",
	"MPC_V1_CONTRADICTING_CHANGE_PATH_ANGLE_THRESHOLD" : "60",
	"MPC_V1_CONTRADICTING_CHANGE_STEERING_THRESHOLD" : "30",
	"MPC_V1_DEC_MAX" : "9.0",
	"MPC_V1_DEC_MULT" : "1.0",
	"MPC_V1_ENABLE_STEERING_HEURISTICS" : "0",
	"MPC_V1_ENABLE_STEERING_MULTIPLIER" : "0",
	"MPC_V1_EXTREME_CHANGE_FIX_ENABLED" : "1",
	"MPC_V1_EXTREME_CHANGE_STEERING_THRESHOLD" : "500",
	"MPC_V1_HIGH_SPEED_THRESHOLD_FOR_LANE_SWITCHING" : "45",
	"MPC_V1_LOG_DEFAULT_MULT" : "0.9",
	"MPC_V1_LOOK_AHEAD_FACTOR" : "5.0",
	"MPC_V1_MAX_STEERING_ON_HIGH_SPEED_FOR_LANE_SWITCHING" : "15",
	"MPC_V1_MIN_REF_SPEED" : "5.0",
	"MPC_V1_POLY_FIT_WINDOW_MULT" : "1.0",
	"MPC_V1_START_POINT_X_OFFSET" : "0",
	"MPC_V1_START_POINT_X_OFFSET_CURVE_FILTER" : "0.9",
	"MPC_V1_START_POINT_X_OFFSET_CURVE_LOOKAHEAD" : "7",
	"MPC_V1_START_POINT_X_OFFSET_CURVE_MULT" : "2.",
	"MPC_V1_START_POINT_X_OFFSET_CURVE_QUEUE_WINDOW" : "14",
	"MPC_V1_START_POINT_X_OFFSET_CURVE_RMAX" : "10",
	"MPC_V1_START_POINT_X_OFFSET_ENABLED" : "0",
	"MPC_V1_STEERING_FILTER_FACTOR" : "1.0",
	"MPC_V1_STEERING_MAX" : "0.65",
	"MPC_V1_STEERING_MULT" : "-1",
	"MPC_V1_STEERING_MULT_OVERTAKE" : "0.9",
	"MPC_V1_STEERING_MULT_Parking" : "1.3",
	"MPC_V1_SWITCHING_TIME_ENABLED" : "0",
	"MPC_V1_SWITCHING_TIME_THRESHOLD" : "0",
	"MPC_V1_SWITCHING_TIME_THRESHOLD_HIGH_STEERING" : "0",
	"MPC_V1_W_a" : "0.0",
	"MPC_V1_W_cte" : "5.0",
	"MPC_V1_W_cte_speed_factor" : "-3.0",
	"MPC_V1_W_da" : "0.0",
	"MPC_V1_W_ddelta" : "20.0",
	"MPC_V1_W_delta" : "10.0",
	"MPC_V1_W_epsi" : "5.0",
	"MPC_V1_W_v_a" : "1.0",
	"MPC_V1_W_v_d" : "1.0",
	"MPC_V2_ACC_MAX" : "7.0",
	"MPC_V2_ACC_MULT" : "1.0",
	"MPC_V2_ADAPTIVE_STEERING_HIGH_SPEED_POINT" : "30",
	"MPC_V2_ADAPTIVE_STEERING_HIGH_SPEED_WEIGHT" : "50.0",
	"MPC_V2_ADAPTIVE_STEERING_LOW_SPEED_WEIGHT" : "1.0",
	"MPC_V2_ADAPTIVE_STEERING_SPEED_TH" : "15",
	"MPC_V2_ADAPTIVE_STEERING_WEIGHT_ENABLED" : "1",
	"MPC_V2_CONTRADICTING_CHANGE_PATH_ANGLE_THRESHOLD" : "60",
	"MPC_V2_CONTRADICTING_CHANGE_STEERING_THRESHOLD" : "30",
	"MPC_V2_DEC_MAX" : "9.0",
	"MPC_V2_DEC_MULT" : "1.0",
	"MPC_V2_ENABLE_STEERING_HEURISTICS" : "0",
	"MPC_V2_ENABLE_STEERING_MULTIPLIER" : "0",
	"MPC_V2_EXTREME_CHANGE_FIX_ENABLED" : "1",
	"MPC_V2_EXTREME_CHANGE_STEERING_THRESHOLD" : "500",
	"MPC_V2_HIGH_SPEED_THRESHOLD_FOR_LANE_SWITCHING" : "45",
	"MPC_V2_LOG_DEFAULT_MULT" : "0.9",
	"MPC_V2_LOOK_AHEAD_FACTOR" : "5.0",
	"MPC_V2_MAX_STEERING_ON_HIGH_SPEED_FOR_LANE_SWITCHING" : "15",
	"MPC_V2_MIN_REF_SPEED" : "5.0",
	"MPC_V2_POLY_FIT_WINDOW_MULT" : "1.0",
	"MPC_V2_START_POINT_X_OFFSET" : "0",
	"MPC_V2_START_POINT_X_OFFSET_CURVE_FILTER" : "0.9",
	"MPC_V2_START_POINT_X_OFFSET_CURVE_LOOKAHEAD" : "7",
	"MPC_V2_START_POINT_X_OFFSET_CURVE_MULT" : "2.",
	"MPC_V2_START_POINT_X_OFFSET_CURVE_QUEUE_WINDOW" : "14",
	"MPC_V2_START_POINT_X_OFFSET_CURVE_RMAX" : "10",
	"MPC_V2_START_POINT_X_OFFSET_ENABLED" : "0",
	"MPC_V2_STEERING_FILTER_FACTOR" : "1.0",
	"MPC_V2_STEERING_MAX" : "0.65",
	"MPC_V2_STEERING_MULT" : "-1",
	"MPC_V2_STEERING_MULT_OVERTAKE" : "0.9",
	"MPC_V2_STEERING_MULT_Parking" : "1.3",
	"MPC_V2_SWITCHING_TIME_ENABLED" : "0",
	"MPC_V2_SWITCHING_TIME_THRESHOLD" : "0",
	"MPC_V2_SWITCHING_TIME_THRESHOLD_HIGH_STEERING" : "0",
	"MPC_V2_W_a" : "0.0",
	"MPC_V2_W_cte" : "5.0",
	"MPC_V2_W_cte_speed_factor" : "-3.0",
	"MPC_V2_W_da" : "0.0",
	"MPC_V2_W_ddelta" : "20.0",
	"MPC_V2_W_delta" : "10.0",
	"MPC_V2_W_epsi" : "5.0",
	"MPC_V2_W_v_a" : "1.0",
	"MPC_V2_W_v_d" : "1.0",
	"MPC_VERSION" : "V2",
	"MP_PATH_OFFSET_PIXLES" : "0",
	"MP_STATE_MACHINE_HANDLER_ENABLED" : "1",
	"NARROW_GAP_MAX_SPEED_REDUCTION" : "100",
	"NARROW_GAP_MIN_SPEED_REDUCTION" : "100",
	"NARROW_ROAD_MAX_SPEED_REDUCTION" : "100",
	"NARROW_ROAD_MIN_SPEED_REDUCTION" : "100",
	"NATIVE_TRAJECTORY_HANDLER_ENABLED" : "0",
	"NAVIGATION_API_LOCAL_SERVER_ENABLED" : "0",
	"NAVIGATION_API_MANAGER" : "GraphHopper",
	"NAVIGATION_MANAGER_ENABLED" : "1",
	"NAVIGATION_PATH_WAYPOINTS_LOGGING_DEFAULT_FILE_NAME" : "/navigation_path_waypoints.json",
	"NAVIGATION_PATH_WAYPOINTS_LOGGING_DEFAULT_PATH" : "/opt/imagry/aidriver_new",
	"NAVIGATION_PATH_WAYPOINTS_LOGGING_ENABLED" : "1",
	"NEAR_OBJECTS_MAX_SPEED_REDUCTION" : "100",
	"NEAR_OBJECTS_MIN_SPEED_REDUCTION" : "100",
	"OFFLINE_INTENT_WRITER_PATH" : "",
	"OVERRIDE_LANE_DIVIDER_THICKNESS_ENABLED" : "1",
	"OVERRIDE_TL_HISTORY_WITH_GREEN_IN_GREEN_STATUS" : "1",
	"PARALLEL_TRANSFORM_OFFSET" : "0.3",
	"PARKING_AREA_MAX_SPEED_REDUCTION" : "100",
	"PARKING_AREA_MIN_SPEED_REDUCTION" : "100",
	"PARKING_UI_SWITCH_ENABLED" : "0",
	"PATH_ADJUSTMENT_LOGGING_DEFAULT_FILE_NAME" : "/path_adjustment.csv",
	"PATH_ADJUSTMENT_LOGGING_ENABLED" : "0",
	"PATH_EXTRACTION_LOGGING_DEFAULT_FILE_NAME" : "/path_extraction.csv",
	"PATH_EXTRACTION_LOGGING_ENABLED" : "0",
	"PATH_MERGER_INDICES_LOGGING_DEFAULT_FILE_NAME" : "/path_merger_indices.csv",
	"PATH_MERGER_P1_LOGGING_DEFAULT_FILE_NAME" : "/path_merger_p1.csv",
	"PATH_MERGER_P2_LOGGING_DEFAULT_FILE_NAME" : "/path_merger_p2.csv",
	"PATH_MERGER_PATH_LOGGING_DEFAULT_FILE_NAME" : "/path_merger_path.csv",
	"PATH_SPEED_MAX_SPEED_REDUCTION" : "100",
	"PATH_SPEED_MIN_SPEED_REDUCTION" : "100",
	"PATH_TRAJECTORY_LOGGING_DEFAULT_FILE_NAME" : "/path_trajectory.csv",
	"PATH_TRAJECTORY_LOGGING_DEFAULT_PATH" : "",
	"PATH_TRAJECTORY_LOGGING_ENABLED" : "1",
	"PCA_HISTORY_OUTLIERS_FILTER_ENABLED" : "0",
	"PEDESTRIAN_MAX_SPEED_REDUCTION_SLOWING" : "100",
	"PEDESTRIAN_MAX_SPEED_REDUCTION_STOPPING" : "100",
	"PEDESTRIAN_MIN_SPEED_REDUCTION_SLOWING" : "100",
	"PEDESTRIAN_MIN_SPEED_REDUCTION_STOPPING" : "100",
	"PERCEPTION_SHIFT_X" : "0",
	"PERCEPTION_SHIFT_X_REVERSE" : "0",
	"PHANTOM_LANE_ENABLE_ALWAYS" : "0",
	"PHANTOM_RIGHT_LANE_LANE_WIDTH" : "3.2",
	"PHANTOM_RIGHT_LANE_POINT_COUNT" : "100",
	"PITCH_MAX_SPEED_REDUCTION" : "100",
	"PITCH_MIN_SPEED_REDUCTION" : "100",
	"PLANNER_PATH_LOGGING_DEFAULT_FILE_NAME" : "/planner_path.csv",
	"PLANNER_PATH_LOGGING_ENABLED" : "0",
	"PLANNER_PATH_PROJECTION_VIEW_ENABLED" : "0",
	"PRIORITY_GIVING_MAX_SPEED_REDUCTION" : "100",
	"PRIORITY_GIVING_MAX_Y_DIFFERENCE_ROUNDABOUTS" : "20",
	"PRIORITY_GIVING_MIN_SPEED_REDUCTION" : "100",
	"PRIORITY_GIVING_ROUNDABOUT_ANGLE_LOWER_MARGIN" : "-140",
	"PSD_MODULE_ENABLED" : "0",
	"PSD_MODULE_ENABLED_Parking" : "0",
	"PUBLISH_GPS_SIGNALS" : "1",
	"QT_MAIN_IMAGE_HEIGHT_PERCENTAGE" : "0.75",
	"REMOVE_CROSSWALK_LAYER_FOR_SN" : "1",
	"REMOVE_PARKING_LAYER_FOR_SN" : "1",
	"REMOVE_SPEED_BUMP_LAYER_FOR_SN" : "1",
	"RIGHT_LANE_DIVIDER_COMPLETION_ENABLED" : "1",
	"RIGHT_SPEED_LIMIT" : "40",
	"ROAD_STRUCTURE_HANDLER_ENABLED" : "0",
	"ROUNDABOUT_PRIORITY_MAX_SPEED_REDUCTION" : "10.",
	"ROUNDABOUT_PRIORITY_MIN_SPEED_REDUCTION" : "4.",
	"RRT_PATH_PLANNER_HANDLER_ENABLED" : "1",
	"RULE_EVALUATION_HANDLER_ENABLED" : "1",
	"RUNNABLE_POOL_THREAD_ENABLED" : "0",
	"SAFETY_CLEARANCE_FROM_FRONT_BUMPER" : "2",
	"SAPTIAL_SPEED_LOGGING_DEFAULT_FILE_NAME" : "/spatial_speeds.csv",
	"SAVE_LOGS_TO_OS_DISK_ONLINE_MODE_ENABLED" : "0",
	"SHORTCUT_PARALLEL_TRANSFORM_DURATION" : "0.5",
	"SHORTCUT_PARALLEL_TRANSFORM_OFFSET" : "1.7",
	"SHORTCUT_SLOWDOWN_MIN" : "10",
	"SHORTCUT_SLOWDOWN_PERCENTAGE" : "20",
	"SHORTCUT_SPEEDUP_MIN" : "10",
	"SHORTCUT_SPEEDUP_PERCENTAGE" : "20",
	"SMOOTH_SPEED_REDUCTION_FOR_SLOW" : "3.5",
	"SN_BASE_PATH_MODE_ENABLED" : "0",
	"SN_CAR_BOX_DIM" : "1.5",
	"SN_CAR_BOX_DIM_DISTANCE_THRESHOLD" : "7",
	"SN_COOL_DOWN_TIME_MS" : "0",
	"SN_CUT_FORWARD_BLOB_PADDING" : "0",
	"SN_CUT_FORWARD_BLOB_PERCENTAGE_THRESHOLD" : "0.4",
	"SN_FILTER_DISTANCE_CARS" : "10",
	"SN_INPUT_ROTATION_ANGLE" : "0",
	"SN_INPUT_ROTATION_CENTER_X" : "0",
	"SN_INPUT_ROTATION_CENTER_Y" : "0",
	"SN_INPUT_TRANSLATION_X" : "0",
	"SN_INPUT_TRANSLATION_Y" : "0",
	"SN_MASK_INPUT_LENGHT" : "75.0",
	"SN_MASK_OUTPUT_RADIUS" : "75.0",
	"SN_OUTPUT_ROTATION_ANGLE" : "0",
	"SN_OUTPUT_ROTATION_CENTER_X" : "0",
	"SN_OUTPUT_ROTATION_CENTER_Y" : "0",
	"SN_OUTPUT_TRANSLATION_X" : "0",
	"SN_OUTPUT_TRANSLATION_Y" : "0",
	"SN_PEDESTRIAN_BOX_DIM" : "1.5",
	"SN_PEDESTRIAN_BOX_DIM_DISTANCE_THRESHOLD" : "7",
	"SN_ROAD_MASK_UNDER_EGO_ENABLED" : "1",
	"SN_SHIFT_DISTANCE_X" : "0.0",
	"SN_SHIFT_DISTANCE_Y" : "0.0",
	"SN_SKIP_DROP_COUNT" : "3",
	"SN_SKIP_EVERY_FRAMES" : "1",
	"SN_STATIC_BOX_DIM" : "1.5",
	"SN_STATIC_BOX_DIM_DISTANCE_THRESHOLD" : "7",
	"SN_UNCUT_PATH_ENABLED" : "1",
	"SN_UNCUT_PATH_ENABLED_Parking" : "0",
	"SPACENET_BASE_PATH_FORWARD_THRESHOLD" : "0.15",
	"SPACENET_BASE_PATH_LEFT_LANE_CHANGE_THRESHOLD" : "0.1",
	"SPACENET_BASE_PATH_LEFT_THRESHOLD" : "0.1",
	"SPACENET_BASE_PATH_RIGHT_LANE_CHANGE_THRESHOLD" : "0.1",
	"SPACENET_BASE_PATH_RIGHT_THRESHOLD" : "0.1",
	"SPACENET_CPP_MODULE_HASH" : "f85103d84f23ab634807ac355e69ed3707a44594",
	"SPACENET_CPP_MODULE_HASH_Parking" : "b36093f28a9da593e130e0060115bac897cebe57",
	"SPACENET_DRIVING_PATH_FORWARD_THRESHOLD" : "0.1",
	"SPACENET_DRIVING_PATH_LEFT_THRESHOLD" : "0.1",
	"SPACENET_DRIVING_PATH_RIGHT_THRESHOLD" : "0.1",
	"SPACENET_OVERTAKE_PATH_FORWARD_THRESHOLD" : "0.1",
	"SPACENET_OVERTAKE_PATH_LEFT_THRESHOLD" : "0.1",
	"SPACENET_OVERTAKE_PATH_RIGHT_THRESHOLD" : "0.1",
	"SPACENET_SWERVE_PATH_FORWARD_THRESHOLD" : "0.1",
	"SPACENET_SWERVE_PATH_LEFT_THRESHOLD" : "0.1",
	"SPACENET_SWERVE_PATH_RIGHT_THRESHOLD" : "0.1",
	"SPATIAL_SPEED_LOGGING_ENABLED" : "0",
	"SPATIAL_SPEED_PRINTS_ENABLED" : "0",
	"SPEEDBUMP_MM_INTERPETER_ENABLED" : "1",
	"SPEED_FOR_TARGET_SPEED_MAX_INC" : "25",
	"SPEED_HANDLER_ENABLED" : "1",
	"SPEED_HANDLER_PRINTS_ENABLED" : "0",
	"SPEED_SHORTCUTS_ENABLED" : "1",
	"SPEED_THRESHOLD_FOR_LONG_RANGE_TRAFFIC_LIGHT" : "-1",
	"SPLIT_TRIPS_ON_PAUSE" : "1",
	"SS_NEAR_TL_FILTER" : "0",
	"STEERING_FOR_SWERVE_FEATURE" : "35.",
	"STEERING_MULT_LOWER_BOUND" : "5.0",
	"STEERING_MULT_UPPER_BOUND" : "30.0",
	"STEERING_MULT_UPSCALE" : "0.9",
	"STOPLINE_MM_INTERPETER_ENABLED" : "1",
	"STOP_SIGN_FULLSTOP_SPEED_THRESHOLD" : "2",
	"SUBSCRIBERS_ENABLED" : "1",
	"SVC_GRABBER_VERSION" : "2",
	"SWERVE_MAX_SPEED_REDUCTION" : "100",
	"SWERVE_MIN_SPEED_REDUCTION" : "100",
	"SWERVE_PATH_SPEED_THRESHOLD_CAR" : "2",
	"SWERVE_PATH_SPEED_THRESHOLD_MOTORCYCLE" : "2",
	"SWERVE_PATH_SPEED_THRESHOLD_PEDESTRIAN" : "2",
	"TARGET_BRAKE_CONST" : "-1",
	"TARGET_SPEED_CONST" : "-1",
	"TARGET_SPEED_MAX_DEFAULT" : "40",
	"TARGET_SPEED_MAX_DEFAULT_Parking" : "8.5",
	"TARGET_SPEED_MAX_INC" : "7.0",
	"TARGET_SPEED_MAX_INC_ADAPTIVE_IMU_PITCH_THRESHOLD_MAX" : "5.0",
	"TARGET_SPEED_MAX_INC_ADAPTIVE_IMU_PITCH_THRESHOLD_MIN" : "2.0",
	"TARGET_SPEED_MAX_INC_FOR_HIGH_SPEED" : "6.0",
	"TARGET_SPEED_MAX_INC_FOR_VERY_HIGH_SPEED" : "20.0",
	"TARGET_SPEED_MAX_INC_GREEN_TL" : "25.",
	"TARGET_SPEED_MAX_INC_HIGHWAY" : "6",
	"TARGET_SPEED_MAX_INC_Parking" : "5",
	"TARGET_SPEED_MOVING_AVG_FACTOR" : "0.2",
	"TARGET_SPEED_MOVING_AVG_PERIOD" : "0.3",
	"TARGET_STEERING_CONST" : "-1",
	"TARGET_STEERING_OFFSET" : "0",
	"TARGET_THROTTLE_CONST" : "-1",
	"TL_MAX_SPEED_REDUCTION" : "100",
	"TL_MAX_SPEED_REDUCTION_TL_DISTANCE" : "100",
	"TL_MIN_SPEED_REDUCTION" : "100",
	"TRACKER_CAR_POSE_DEBUG" : "0",
	"TRACKER_CURRENT_SPEED_FACTOR_FOR_FILTERING_OBJECTS" : "3",
	"TRACKER_CURRENT_SPEED_FACTOR_FOR_FILTERING_OBJECTS_BIG_OBJECTS" : "5",
	"TRACKER_DEBUG_DUMP_ENABLED" : "0",
	"TRACKER_DEBUG_VIEW_ENABLED" : "1",
	"TRACKER_ENABLE_CLASS_GROUPS" : "1",
	"TRACKER_ENABLE_CROSS_CLASS_MATCHING" : "0",
	"TRACKER_ENABLE_SPEED_UPDATE" : "1",
	"TRACKER_EXP_NAME" : "",
	"TRACKER_FILTER_BIKES_ENABLE" : "1",
	"TRACKER_FILTER_RIDERS_ON_CROSSWALK" : "0",
	"TRACKER_FILTER_RIDING_PEDESTRIANS" : "1",
	"TRACKER_FIX_BIG_OBJECTS_ROTATION" : "0",
	"TRACKER_FIX_CLOSE_OBJECT_LEFT_RIGHT_CAMERA" : "0",
	"TRACKER_HEADING_FROM_VELOCITY" : "0",
	"TRACKER_HIGH_SPEED_PEDESTRIAN_TO_BIKE" : "1",
	"TRACKER_MAX_RANGE_TO_APPLY_FEATURE" : "75",
	"TRACKER_MERGE_FRONT_FRONT_MID_DETECTIONS" : "1",
	"TRACKER_OBJECT_SPEED_THRESHOLD_FOR_FILTERATION" : "1.",
	"TRACKER_OBJECT_SPEED_THRESHOLD_FOR_FILTERATION_BIG_OBJECTS" : "1.5",
	"TRACKER_OBJECT_SPEED_THRESHOLD_FOR_FILTERATION_IN_STOPPING" : "0.3",
	"TRACKER_RANGE_FACTOR_FOR_FILTERING_OBJECTS" : "2",
	"TRACKER_RANGE_FACTOR_FOR_FILTERING_OBJECTS_BIG_OBJECTS" : "4",
	"TRACKER_SKIP" : "0",
	"TRAFFIC_LIGHT_ENABLED" : "1",
	"TRAFFIC_LIGHT_MANAGER_FILTER_HIGH_OBJECT" : "1",
	"TRAFFIC_LIGHT_MANAGER_FILTER_SIDE_OBJECT" : "0",
	"TRAFFIC_LIGHT_PADDING_FACTOR" : "0.1",
	"TRAFFIC_MARKS_ENABLED" : "0",
	"TRAFFIC_MARKS_PADDING_FACTOR" : "0.3",
	"TRAFFIC_SIGNS_ENABLED" : "1",
	"TRAFFIC_SIGNS_PADDING_FACTOR" : "0.3",
	"UI_SYSTEM_DELAY_WINDOW_SIZE" : "100",
	"UNKNOWN_OBJECTS_ENABLED" : "0",
	"USE_BASE_INSTEAD_OF_DRIVING_PATH" : "1",
	"USE_BLOCKED_LANE_SPEED_RULE" : "1",
	"USE_CAR_FOLLOW_SPEED_RULE" : "1",
	"USE_CAR_TURNING_SPEED_RULE" : "1",
	"USE_COLLISION_SPEED_RULE" : "1",
	"USE_CROSSWALK_SPEED_RULE" : "1",
	"USE_CURVATURE_SPEED_RULE" : "1",
	"USE_DEFER_OVERTAKE_SPEED_RULE" : "1",
	"USE_DRIVE_SPEED_RULE" : "1",
	"USE_FINAL_SPEED_RULE" : "1",
	"USE_IMU_FOR_GPS_HEADING" : "1",
	"USE_INTENTS_SPEED_RULE" : "1",
	"USE_NARROW_GAP_SPEED_RULE" : "0",
	"USE_NARROW_ROAD_SPEED_RULE" : "1",
	"USE_NEAR_OBJECTS_SPEED_RULE" : "1",
	"USE_OFFLINE_CAR_POSE_READER" : "1",
	"USE_OFFLINE_INTENT_READER" : "1",
	"USE_OLD_RECTIFICATION" : "0",
	"USE_PARKING_AREA_PEDESTRIAN_SPEED_RULE" : "0",
	"USE_PARKING_AREA_SPEED_RULE" : "0",
	"USE_PATH_SPEED_RULE" : "1",
	"USE_PEDESTRIAN_SPEED_RULE" : "1",
	"USE_PITCH_SPEED_RULE" : "1",
	"USE_PRIORITY_GIVING_SPEED_RULE" : "1",
	"USE_ROUNDABOUT_PRIORITY_SPEED_RULE" : "1",
	"USE_ROUNDABOUT_ROW_SPEED_RULE" : "1",
	"USE_ROUNDABOUT_SPEED_RULE" : "1",
	"USE_SHRINK_FOR_CROSSWALKS" : "1",
	"USE_STEERING_LOCK_SPEED_RULE" : "1",
	"USE_STOP_SIGN_SPEED_REDUCTION_RULE" : "0",
	"USE_STOP_SIGN_SPEED_RULE" : "1",
	"USE_SWERVE_SPEED_RULE" : "1",
	"USE_TRAFFIC_LIGHT_SPEED_RULE" : "1",
	"USING_DIFFERENT_CRETERIA_FOR_AGGRESSIVE_SWERVE" : "0",
	"VIN_NUMBER" : "KNAA181GFPT006036",
	"VISUALIZE_CYLINDRICAL_DETECTOR_OUTPUT" : "1",
	"WEBUI_MAIN_CAMERA_BITRATE" : "3000",
	"vehicle_speed_estimation_mode" : "rear_average"
}

