time_stamp,data_value
1752570362.112025,0.000000
1752570362.211801,0.000000
1752570362.311296,0.000000
1752570362.411674,0.000000
1752570362.511577,0.000000
1752570362.611528,0.000000
1752570362.711759,0.000000
1752570362.813390,0.000000
1752570362.911461,0.000000
1752570363.011770,0.000000
1752570363.111973,0.000000
1752570363.212611,0.000000
1752570363.312876,0.000000
1752570363.413079,0.000000
1752570363.514045,0.000000
1752570363.611719,0.000000
1752570363.711651,0.000000
1752570363.811741,0.000000
1752570363.914627,0.000000
1752570364.011532,0.000000
1752570364.113825,0.000000
1752570364.211357,0.000000
1752570364.312490,0.000000
1752570364.412557,0.000000
1752570364.512927,0.000000
1752570364.612846,0.000000
1752570364.712653,0.000000
1752570364.813033,0.000000
1752570364.912280,0.000000
1752570365.012742,0.000000
1752570365.111940,0.000000
1752570365.212271,0.000000
1752570365.312053,0.000000
1752570365.411925,0.000000
1752570365.511837,0.000000
1752570365.613273,0.000000
1752570365.716408,0.000000
1752570365.812340,0.000000
1752570365.912323,0.000000
1752570366.011952,0.000000
1752570366.112853,0.000000
1752570366.212602,0.000000
1752570366.312663,0.000000
1752570366.412042,0.000000
1752570366.513548,0.000000
1752570366.611646,0.000000
1752570366.712125,0.000000
1752570366.816310,0.000000
1752570366.912160,0.000000
1752570367.011500,0.000000
1752570367.112639,0.000000
1752570367.215308,0.000000
1752570367.312012,0.000000
1752570367.411827,0.000000
1752570367.511850,0.000000
1752570367.614928,0.000000
1752570367.714642,0.000000
1752570367.812680,0.000000
1752570367.913787,0.000000
1752570368.012661,0.000000
1752570368.115566,0.000000
1752570368.212448,0.000000
1752570368.312247,0.000000
1752570368.411523,0.000000
1752570368.511881,0.000000
1752570368.613173,0.000000
1752570368.711953,0.000000
1752570368.811838,0.000000
1752570368.911738,0.000000
1752570369.012184,0.000000
1752570369.113823,0.000000
1752570369.212734,0.000000
1752570369.313151,0.000000
1752570369.412776,0.000000
1752570369.512496,0.000000
1752570369.611827,0.000000
1752570369.712273,0.000000
1752570369.811840,0.000000
1752570369.911986,0.000000
1752570370.012896,0.000000
1752570370.111792,0.000000
1752570370.212037,0.000000
1752570370.312158,0.000000
1752570370.414570,0.000000
1752570370.512469,0.000000
1752570370.611909,0.000000
1752570370.712494,0.000000
1752570370.811774,0.000000
1752570370.911825,0.000000
1752570371.011803,0.000000
1752570371.112060,0.000000
1752570371.211888,0.000000
1752570371.311938,0.000000
1752570371.412508,0.000000
1752570371.512475,0.000000
1752570371.612440,0.000000
1752570371.712097,0.000000
1752570371.811817,0.000000
1752570371.911957,0.000000
1752570372.011899,0.000000
1752570372.112113,0.000000
1752570372.211967,0.000000
1752570372.312361,0.000000
1752570372.412404,0.000000
1752570372.513148,0.000000
1752570372.612003,0.000000
1752570372.713131,0.000000
1752570372.812664,0.000000
1752570372.912277,0.000000
1752570373.014112,0.000000
1752570373.113065,0.000000
1752570373.211776,0.000000
1752570373.311734,0.000000
1752570373.411920,0.000000
1752570373.513120,0.000000
1752570373.614065,0.000000
1752570373.711609,0.000000
1752570373.811923,0.000000
1752570373.912187,0.000000
1752570374.012284,0.000000
1752570374.112470,0.000000
1752570374.212328,0.000000
1752570374.312597,0.000000
1752570374.411749,0.000000
1752570374.512720,0.000000
1752570374.612268,0.000000
1752570374.711765,0.000000
1752570374.813831,0.000000
1752570374.911857,0.000000
1752570375.011694,0.000000
1752570375.112402,0.000000
1752570375.212090,0.000000
1752570375.314062,0.000000
1752570375.412223,0.000000
1752570375.513299,0.000000
1752570375.612240,0.000000
1752570375.711874,0.000000
1752570375.812114,0.000000
1752570375.911888,0.000000
1752570376.012736,0.000000
1752570376.111919,0.000000
1752570376.211732,0.000000
1752570376.312505,0.000000
1752570376.412612,0.000000
1752570376.512608,0.000000
1752570376.612680,0.000000
1752570376.712371,0.000000
1752570376.813218,0.000000
1752570376.912028,0.000000
1752570377.011906,0.000000
1752570377.111822,0.000000
1752570377.212233,0.000000
1752570377.312562,0.000000
1752570377.412013,0.000000
1752570377.512037,0.000000
1752570377.611832,0.000000
1752570377.712340,0.000000
1752570377.812929,0.000000
1752570377.913243,0.000000
1752570378.012118,0.000000
1752570378.112328,0.000000
1752570378.211927,0.000000
1752570378.312009,0.000000
1752570378.411890,0.000000
1752570378.512005,0.000000
1752570378.613561,0.000000
1752570378.712125,0.000000
1752570378.811985,0.000000
1752570378.911828,0.000000
1752570379.012587,0.000000
1752570379.113174,0.000000
1752570379.213123,0.000000
1752570379.312715,0.000000
1752570379.414241,0.000000
1752570379.514370,0.000000
1752570379.612732,0.000000
1752570379.711768,0.000000
1752570379.812169,0.000000
1752570379.917882,0.000000
1752570380.012421,0.000000
1752570380.112023,0.000000
1752570380.213435,0.000000
1752570380.312977,0.000000
1752570380.413083,0.000000
1752570380.512841,0.000000
1752570380.613816,0.000000
1752570380.713293,0.000000
1752570380.812784,0.000000
1752570380.912133,0.000000
1752570381.013493,0.000000
1752570381.113731,0.000000
1752570381.212456,0.000000
1752570381.312333,0.000000
1752570381.412468,0.000000
1752570381.512208,0.000000
1752570381.613961,0.000000
1752570381.713085,0.000000
1752570381.812996,0.000000
1752570381.918772,0.000000
1752570382.012826,0.000000
1752570382.113415,0.000000
1752570382.212383,0.000000
1752570382.314770,0.000000
1752570382.412601,0.000000
1752570382.512232,0.000000
1752570382.614100,0.000000
1752570382.712487,0.000000
1752570382.812452,0.000000
1752570382.913811,0.000000
1752570383.013084,0.000000
1752570383.116035,0.000000
1752570383.212856,0.000000
1752570383.313030,0.000000
1752570383.412664,0.000000
1752570383.512831,0.000000
1752570383.612374,0.000000
1752570383.712446,0.000000
1752570383.812488,0.000000
1752570383.913456,0.000000
1752570384.012453,0.000000
1752570384.112561,0.000000
1752570384.213180,0.000000
1752570384.312740,0.000000
1752570384.415941,0.000000
1752570384.512918,0.000000
1752570384.612933,0.000000
1752570384.712579,0.000000
1752570384.812271,0.000000
1752570384.912665,0.000000
1752570385.012282,0.000000
1752570385.112449,0.000000
1752570385.221021,0.000000
1752570385.312279,0.000000
1752570385.412697,0.000000
1752570385.512772,0.000000
1752570385.613732,0.000000
1752570385.712957,0.000000
1752570385.812964,0.000000
1752570385.912526,0.000000
1752570386.016191,0.000000
1752570386.112735,0.000000
1752570386.212393,0.000000
1752570386.314837,0.000000
1752570386.412520,0.000000
1752570386.512957,0.000000
1752570386.614038,0.000000
1752570386.716287,0.000000
1752570386.813303,0.000000
1752570386.913013,0.000000
1752570387.012811,0.000000
1752570387.113462,0.000000
1752570387.212595,0.000000
1752570387.312684,0.000000
1752570387.412711,0.000000
1752570387.512820,0.000000
1752570387.616528,0.000000
1752570387.713957,0.000000
1752570387.813522,0.000000
1752570387.913439,0.000000
1752570388.013945,0.000000
1752570388.113500,0.000000
1752570388.213062,0.000000
1752570388.313614,0.000000
1752570388.412699,0.000000
1752570388.512606,0.000000
1752570388.612248,0.000000
1752570388.712953,0.000000
1752570388.813173,0.000000
1752570388.913966,0.000000
1752570389.013482,0.000000
1752570389.113812,0.000000
1752570389.221259,0.000000
1752570389.313794,0.000000
1752570389.412419,0.000000
1752570389.512202,0.000000
1752570389.612734,0.000000
1752570389.712093,0.000000
1752570389.812097,0.000000
1752570389.912612,0.000000
1752570390.012113,0.000000
1752570390.113838,0.000000
1752570390.213557,0.000000
1752570390.313636,0.000000
1752570390.413183,0.000000
1752570390.514507,0.000000
1752570390.612909,0.000000
1752570390.712397,0.000000
1752570390.813046,0.000000
1752570390.912818,0.000000
1752570391.012466,0.000000
1752570391.112510,0.000000
1752570391.212692,0.000000
1752570391.314482,0.000000
1752570391.413755,0.000000
1752570391.513275,0.000000
1752570391.613587,0.000000
1752570391.713696,0.000000
1752570391.813252,0.000000
1752570391.913084,0.000000
1752570392.012607,0.000000
1752570392.112690,0.000000
1752570392.212860,0.000000
1752570392.313103,0.000000
1752570392.414269,0.000000
1752570392.512675,0.000000
1752570392.613046,0.000000
1752570392.713078,0.000000
1752570392.814475,0.000000
1752570392.913481,0.000000
1752570393.013362,0.000000
1752570393.113429,0.000000
1752570393.213496,0.000000
1752570393.313407,0.000000
1752570393.412877,0.000000
1752570393.513018,0.000000
1752570393.612889,0.000000
1752570393.713085,0.000000
1752570393.812747,0.000000
1752570393.912746,0.000000
1752570394.013170,0.000000
1752570394.114072,0.000000
1752570394.216327,0.000000
1752570394.314764,0.000000
1752570394.414517,0.000000
1752570394.514256,0.000000
1752570394.615373,0.000000
1752570394.712879,0.000000
1752570394.813408,0.000000
1752570394.913853,0.000000
1752570395.013698,0.000000
1752570395.113688,0.000000
1752570395.214772,0.000000
1752570395.316621,0.000000
1752570395.414659,0.000000
1752570395.514477,0.000000
1752570395.614468,0.000000
1752570395.714722,0.000000
1752570395.814611,0.000000
1752570395.914560,0.000000
1752570396.014203,0.000000
1752570396.113990,0.000000
1752570396.214228,0.000000
1752570396.314216,0.000000
1752570396.414467,0.000000
1752570396.514039,0.000000
1752570396.615111,0.000000
1752570396.716264,0.000000
1752570396.814849,0.000000
1752570396.914856,0.000000
1752570397.014918,0.000000
1752570397.114799,0.000000
1752570397.215278,0.000000
1752570397.314212,0.000000
1752570397.414338,0.000000
1752570397.514271,0.000000
1752570397.615108,0.000000
1752570397.714214,0.000000
1752570397.814976,0.000000
1752570397.914443,0.000000
1752570398.016134,0.000000
1752570398.115014,0.000000
1752570398.215248,0.000000
1752570398.315175,0.000000
1752570398.415505,0.000000
1752570398.515320,0.000000
1752570398.615237,0.000000
1752570398.714520,0.000000
1752570398.814968,0.000000
1752570398.914604,0.000000
1752570399.014587,0.000000
1752570399.115405,0.000000
1752570399.215234,0.000000
1752570399.314255,0.000000
1752570399.415017,0.000000
1752570399.514741,0.000000
1752570399.614592,0.000000
1752570399.716374,0.000000
1752570399.815105,0.000000
1752570399.914079,0.000000
1752570400.013955,0.000000
1752570400.113690,0.000000
1752570400.213637,0.000000
1752570400.313632,0.000000
1752570400.414121,0.000000
1752570400.514361,0.000000
1752570400.614261,0.000000
1752570400.714459,0.000000
1752570400.814998,0.000000
1752570400.914505,0.000000
1752570401.014356,0.000000
1752570401.113736,0.000000
1752570401.214138,0.000000
1752570401.313851,0.000000
1752570401.413794,0.000000
1752570401.513767,0.000000
1752570401.614770,0.000000
1752570401.714425,0.000000
1752570401.814728,0.000000
1752570401.914245,0.000000
1752570402.014308,0.000000
1752570402.117248,0.000000
1752570402.214617,0.000000
1752570402.314679,0.000000
1752570402.414408,0.000000
1752570402.513911,0.000000
1752570402.613778,0.000000
1752570402.713740,0.000000
1752570402.813963,0.000000
1752570402.913936,0.000000
1752570403.013899,0.000000
1752570403.113852,0.000000
1752570403.214040,0.000000
1752570403.314755,0.000000
1752570403.414625,0.000000
1752570403.514605,0.000000
1752570403.616675,0.000000
1752570403.714939,0.000000
1752570403.813975,0.000000
1752570403.913857,0.000000
1752570404.013799,0.000000
1752570404.114163,0.000000
1752570404.213804,0.000000
1752570404.258842,3.000000
1752570404.297875,3.000000
1752570404.337918,3.000000
1752570404.414131,3.000000
1752570404.513840,3.000000
1752570404.607819,0.000000
1752570404.648312,0.000000
1752570404.687489,0.000000
1752570404.714553,0.000000
1752570404.814777,0.000000
1752570404.914838,0.000000
1752570404.957474,3.000000
1752570404.997540,3.000000
1752570405.037426,3.000000
1752570405.115510,3.000000
1752570405.214791,3.000000
1752570405.307550,0.000000
1752570405.347458,0.000000
1752570405.387523,0.000000
1752570405.413923,0.000000
1752570405.514165,0.000000
1752570405.614128,0.000000
1752570405.657442,3.000000
1752570405.697612,3.000000
1752570405.737543,3.000000
1752570405.814216,3.000000
1752570405.914423,3.000000
1752570406.007679,0.000000
1752570406.047602,0.000000
1752570406.087467,0.000000
1752570406.114808,0.000000
1752570406.214802,0.000000
1752570406.316561,0.000000
1752570406.357705,3.000000
1752570406.397733,3.000000
1752570406.437983,3.000000
1752570406.514473,3.000000
1752570406.614434,3.000000
1752570406.707404,0.000000
1752570406.748961,0.000000
1752570406.787527,0.000000
1752570406.814413,0.000000
1752570406.914488,0.000000
1752570407.014458,0.000000
1752570407.057452,3.000000
1752570407.097582,3.000000
1752570407.137555,3.000000
1752570407.214480,3.000000
1752570407.315216,3.000000
1752570407.408670,0.000000
1752570407.448748,0.000000
1752570407.487884,0.000000
1752570407.515148,0.000000
1752570407.615260,0.000000
1752570407.715325,0.000000
1752570407.757515,3.000000
1752570407.797453,3.000000
1752570407.838006,3.000000
1752570407.914560,3.000000
1752570408.014535,3.000000
1752570408.107576,0.000000
1752570408.147879,0.000000
1752570408.187989,0.000000
1752570408.214651,0.000000
1752570408.314890,0.000000
1752570408.415210,0.000000
1752570408.457477,3.000000
1752570408.497518,3.000000
1752570408.538860,3.000000
1752570408.614516,3.000000
1752570408.715150,3.000000
1752570408.807539,0.000000
1752570408.847472,0.000000
1752570408.887591,0.000000
1752570408.917171,0.000000
1752570409.019030,0.000000
1752570409.115305,0.000000
1752570409.157897,3.000000
1752570409.197598,3.000000
1752570409.237581,3.000000
1752570409.314860,3.000000
1752570409.414735,3.000000
1752570409.507770,0.000000
1752570409.547869,0.000000
1752570409.587870,0.000000
1752570409.614662,0.000000
1752570409.714760,0.000000
1752570409.815032,0.000000
1752570409.857509,3.000000
1752570409.899138,3.000000
1752570409.937788,3.000000
1752570410.014709,3.000000
1752570410.114990,3.000000
1752570410.207599,0.000000
1752570410.247950,0.000000
1752570410.288269,0.000000
1752570410.315453,0.000000
1752570410.415505,0.000000
1752570410.515402,0.000000
1752570410.557488,3.000000
1752570410.597857,3.000000
1752570410.637814,3.000000
1752570410.714977,3.000000
1752570410.815040,3.000000
1752570410.908076,0.000000
1752570410.947937,0.000000
1752570410.988379,0.000000
1752570411.015207,0.000000
1752570411.114974,0.000000
1752570411.213787,0.000000
1752570411.257653,3.000000
1752570411.297846,3.000000
1752570411.337874,3.000000
1752570411.415115,3.000000
1752570411.515177,3.000000
1752570411.608316,0.000000
1752570411.647884,0.000000
1752570411.688174,0.000000
1752570411.715619,0.000000
1752570411.816260,0.000000
1752570411.913762,0.000000
1752570411.958767,3.000000
1752570411.997847,3.000000
1752570412.037991,3.000000
1752570412.117018,3.000000
1752570412.213705,3.000000
1752570412.307966,0.000000
1752570412.348145,0.000000
1752570412.388028,0.000000
1752570412.414083,0.000000
1752570412.513606,0.000000
1752570412.613642,0.000000
1752570412.658426,3.000000
1752570412.698714,3.000000
1752570412.737892,3.000000
1752570412.815219,3.000000
1752570412.915333,3.000000
1752570413.007909,0.000000
1752570413.047750,0.000000
1752570413.087681,0.000000
1752570413.114076,0.000000
1752570413.213775,0.000000
1752570413.313721,0.000000
1752570413.359014,3.000000
1752570413.398248,3.000000
1752570413.438508,3.000000
1752570413.513707,3.000000
1752570413.613896,3.000000
1752570413.707841,0.000000
1752570413.747620,0.000000
1752570413.788994,0.000000
1752570413.813780,0.000000
1752570413.916044,0.000000
1752570414.016160,0.000000
1752570414.057849,3.000000
1752570414.097776,3.000000
1752570414.137902,3.000000
1752570414.215574,3.000000
1752570414.315109,3.000000
1752570414.409094,0.000000
1752570414.447945,0.000000
1752570414.487679,0.000000
1752570414.513945,0.000000
1752570414.614856,0.000000
1752570414.715079,0.000000
1752570414.758311,3.000000
1752570414.798026,3.000000
1752570414.837786,3.000000
1752570414.913891,3.000000
1752570415.013796,3.000000
1752570415.107734,0.000000
1752570415.147881,0.000000
1752570415.187979,0.000000
1752570415.214285,0.000000
1752570415.314659,0.000000
1752570415.414458,0.000000
1752570415.457724,3.000000
1752570415.499342,3.000000
1752570415.537759,3.000000
1752570415.614683,3.000000
1752570415.713858,3.000000
1752570415.808022,0.000000
1752570415.847733,0.000000
1752570415.888417,0.000000
1752570415.915183,0.000000
1752570416.014199,0.000000
1752570416.114137,0.000000
1752570416.158955,3.000000
1752570416.198241,3.000000
1752570416.238056,3.000000
1752570416.314016,3.000000
1752570416.414184,3.000000
1752570416.508133,0.000000
1752570416.548088,0.000000
1752570416.587936,0.000000
1752570416.614317,0.000000
1752570416.714447,0.000000
1752570416.814476,0.000000
1752570416.857809,3.000000
1752570416.898081,3.000000
1752570416.937887,3.000000
1752570417.014644,3.000000
1752570417.114493,3.000000
1752570417.208092,0.000000
1752570417.248257,0.000000
1752570417.287872,0.000000
1752570417.314240,0.000000
1752570417.414347,0.000000
1752570417.513847,0.000000
1752570417.558471,3.000000
1752570417.598750,3.000000
1752570417.639787,3.000000
1752570417.714206,3.000000
1752570417.813724,3.000000
1752570417.908151,0.000000
1752570417.947972,0.000000
1752570417.988120,0.000000
1752570418.015439,0.000000
1752570418.114489,0.000000
1752570418.214727,0.000000
1752570418.258025,3.000000
1752570418.297718,3.000000
1752570418.337838,3.000000
1752570418.416523,3.000000
1752570418.513741,3.000000
1752570418.607972,0.000000
1752570418.647902,0.000000
1752570418.688043,0.000000
1752570418.713898,0.000000
1752570418.813781,0.000000
1752570418.915565,0.000000
1752570418.958282,3.000000
1752570418.997959,3.000000
1752570419.038155,3.000000
1752570419.113816,3.000000
1752570419.213772,3.000000
1752570419.308276,0.000000
1752570419.347827,0.000000
1752570419.387837,0.000000
1752570419.414495,0.000000
1752570419.514703,0.000000
1752570419.614593,0.000000
1752570419.658813,3.000000
1752570419.700253,3.000000
1752570419.738241,3.000000
1752570419.814909,3.000000
1752570419.914169,3.000000
1752570420.008186,0.000000
1752570420.047838,0.000000
1752570420.089980,0.000000
1752570420.115180,0.000000
1752570420.215011,0.000000
1752570420.314321,0.000000
1752570420.360650,3.000000
1752570420.399388,3.000000
1752570420.438067,3.000000
1752570420.516025,3.000000
1752570420.615224,3.000000
1752570420.707825,0.000000
1752570420.747832,0.000000
1752570420.788202,0.000000
1752570420.814513,0.000000
1752570420.916849,0.000000
1752570421.016479,0.000000
1752570421.058038,3.000000
1752570421.097982,3.000000
1752570421.139247,3.000000
1752570421.214357,3.000000
1752570421.315014,3.000000
1752570421.408489,0.000000
1752570421.448224,0.000000
1752570421.488047,0.000000
1752570421.514079,0.000000
1752570421.614452,0.000000
1752570421.714256,0.000000
1752570421.758630,3.000000
1752570421.798966,3.000000
1752570421.844725,3.000000
1752570421.914376,3.000000
1752570422.015973,3.000000
1752570422.108032,0.000000
1752570422.147967,0.000000
1752570422.188574,0.000000
1752570422.215683,0.000000
1752570422.314937,0.000000
1752570422.414955,0.000000
1752570422.458128,3.000000
1752570422.498206,3.000000
1752570422.537997,3.000000
1752570422.614203,3.000000
1752570422.714534,3.000000
1752570422.808143,0.000000
1752570422.848491,0.000000
1752570422.888271,0.000000
1752570422.914128,0.000000
1752570423.014067,0.000000
1752570423.115755,0.000000
1752570423.158116,3.000000
1752570423.197986,3.000000
1752570423.238077,3.000000
1752570423.314543,3.000000
1752570423.414599,3.000000
1752570423.508497,0.000000
1752570423.547979,0.000000
1752570423.588251,0.000000
1752570423.615571,0.000000
1752570423.714568,0.000000
1752570423.814929,0.000000
1752570423.858332,3.000000
1752570423.898102,3.000000
1752570423.938665,3.000000
1752570424.014307,3.000000
1752570424.114334,3.000000
1752570424.208381,0.000000
1752570424.249415,0.000000
1752570424.288287,0.000000
1752570424.314312,0.000000
1752570424.414740,0.000000
1752570424.515366,0.000000
1752570424.558144,3.000000
1752570424.598202,3.000000
1752570424.638585,3.000000
1752570424.714716,3.000000
1752570424.815572,3.000000
1752570424.908028,0.000000
1752570424.947986,0.000000
1752570424.988051,0.000000
1752570425.016055,0.000000
1752570425.117082,0.000000
1752570425.215744,0.000000
1752570425.258413,3.000000
1752570425.298309,3.000000
1752570425.338754,3.000000
1752570425.415362,3.000000
1752570425.515663,3.000000
1752570425.608224,0.000000
1752570425.648539,0.000000
1752570425.688249,0.000000
1752570425.715345,0.000000
1752570425.815767,0.000000
1752570425.915612,0.000000
1752570425.958678,3.000000
1752570425.998487,3.000000
1752570426.038563,3.000000
1752570426.115451,3.000000
1752570426.217322,3.000000
1752570426.308237,0.000000
1752570426.348143,0.000000
1752570426.388242,0.000000
1752570426.416297,0.000000
1752570426.516980,0.000000
1752570426.616522,0.000000
1752570426.658775,3.000000
1752570426.699070,3.000000
1752570426.738724,3.000000
1752570426.815499,3.000000
1752570426.923102,3.000000
1752570427.008647,0.000000
1752570427.048538,0.000000
1752570427.088075,0.000000
1752570427.115528,0.000000
1752570427.216127,0.000000
1752570427.316427,0.000000
1752570427.358966,3.000000
1752570427.398901,3.000000
1752570427.439730,3.000000
1752570427.515465,3.000000
1752570427.615714,3.000000
1752570427.710619,0.000000
1752570427.748623,0.000000
1752570427.788106,0.000000
1752570427.816338,0.000000
1752570427.916512,0.000000
1752570428.016441,0.000000
1752570428.059721,3.000000
1752570428.099969,3.000000
1752570428.140339,3.000000
1752570428.216120,3.000000
1752570428.316294,3.000000
1752570428.408902,0.000000
1752570428.449915,0.000000
1752570428.488319,0.000000
1752570428.515382,0.000000
1752570428.615513,0.000000
1752570428.716771,0.000000
1752570428.759301,3.000000
1752570428.799846,3.000000
1752570428.845113,3.000000
1752570428.915647,3.000000
1752570429.016314,3.000000
1752570429.108546,0.000000
1752570429.148584,0.000000
1752570429.188481,0.000000
1752570429.217304,0.000000
1752570429.315628,0.000000
1752570429.415525,0.000000
1752570429.458354,3.000000
1752570429.498545,3.000000
1752570429.538916,3.000000
1752570429.615037,3.000000
1752570429.715030,3.000000
1752570429.808325,0.000000
1752570429.848722,0.000000
1752570429.888957,0.000000
1752570429.915476,0.000000
1752570430.015311,0.000000
1752570430.117089,0.000000
1752570430.158685,3.000000
1752570430.198760,3.000000
1752570430.238411,3.000000
1752570430.315645,3.000000
1752570430.415983,3.000000
1752570430.508831,0.000000
1752570430.548350,0.000000
1752570430.588192,0.000000
1752570430.614821,0.000000
1752570430.714737,0.000000
1752570430.815344,0.000000
1752570430.860209,3.000000
1752570430.900067,3.000000
1752570430.938997,3.000000
1752570431.015468,3.000000
1752570431.114746,3.000000
1752570431.208689,0.000000
1752570431.248164,0.000000
1752570431.288391,0.000000
1752570431.322139,0.000000
1752570431.416046,0.000000
1752570431.515445,0.000000
1752570431.558394,3.000000
1752570431.598330,3.000000
1752570431.638591,3.000000
1752570431.715437,3.000000
1752570431.815112,3.000000
1752570431.908605,0.000000
1752570431.948744,0.000000
1752570431.988528,0.000000
1752570432.014894,0.000000
1752570432.115153,0.000000
1752570432.215163,0.000000
1752570432.258656,3.000000
1752570432.298990,3.000000
1752570432.338855,3.000000
1752570432.414995,3.000000
1752570432.516043,3.000000
1752570432.608492,0.000000
1752570432.655076,0.000000
1752570432.689108,0.000000
1752570432.715661,0.000000
1752570432.815691,0.000000
1752570432.915645,0.000000
1752570432.958421,3.000000
1752570432.998702,3.000000
1752570433.039260,3.000000
1752570433.114978,3.000000
1752570433.215362,3.000000
1752570433.308729,0.000000
1752570433.348581,0.000000
1752570433.390348,0.000000
1752570433.418598,0.000000
1752570433.515260,0.000000
1752570433.615279,0.000000
1752570433.658485,3.000000
1752570433.698689,3.000000
1752570433.738385,3.000000
1752570433.815256,3.000000
1752570433.915538,3.000000
1752570434.008217,0.000000
1752570434.048620,0.000000
1752570434.089098,0.000000
1752570434.115641,0.000000
1752570434.216253,0.000000
1752570434.315216,0.000000
1752570434.358371,3.000000
1752570434.398526,3.000000
1752570434.439602,3.000000
1752570434.515826,3.000000
1752570434.615159,3.000000
1752570434.710693,0.000000
1752570434.749719,0.000000
1752570434.790747,0.000000
1752570434.814995,0.000000
1752570434.917221,0.000000
1752570435.015218,0.000000
1752570435.059026,3.000000
1752570435.098749,3.000000
1752570435.138954,3.000000
1752570435.215836,3.000000
1752570435.315798,3.000000
1752570435.409099,0.000000
1752570435.449251,0.000000
1752570435.489681,0.000000
1752570435.515740,0.000000
1752570435.615618,0.000000
1752570435.715851,0.000000
1752570435.758595,3.000000
1752570435.798917,3.000000
1752570435.838500,3.000000
1752570435.915112,3.000000
1752570436.014843,3.000000
1752570436.108504,0.000000
1752570436.149346,0.000000
1752570436.188617,0.000000
1752570436.215035,0.000000
1752570436.314936,0.000000
1752570436.415014,0.000000
1752570436.458519,3.000000
1752570436.498525,3.000000
1752570436.538878,3.000000
1752570436.615716,3.000000
1752570436.715624,3.000000
1752570436.808338,0.000000
1752570436.848727,0.000000
1752570436.888967,0.000000
1752570436.915753,0.000000
1752570437.015377,0.000000
1752570437.115753,0.000000
1752570437.158315,3.000000
1752570437.198642,3.000000
1752570437.238824,3.000000
1752570437.315083,3.000000
1752570437.415423,3.000000
1752570437.508417,0.000000
1752570437.548574,0.000000
1752570437.588597,0.000000
1752570437.615111,0.000000
1752570437.715356,0.000000
1752570437.815526,0.000000
1752570437.858390,3.000000
1752570437.898482,3.000000
1752570437.938856,3.000000
1752570438.015609,3.000000
1752570438.115829,3.000000
1752570438.208588,0.000000
1752570438.249060,0.000000
1752570438.288623,0.000000
1752570438.315160,0.000000
1752570438.415400,0.000000
1752570438.515623,0.000000
1752570438.558671,3.000000
1752570438.600148,3.000000
1752570438.638939,3.000000
1752570438.715364,3.000000
1752570438.815383,3.000000
1752570438.908474,0.000000
1752570438.948529,0.000000
1752570438.988975,0.000000
1752570439.016546,0.000000
1752570439.115546,0.000000
1752570439.215696,0.000000
1752570439.259101,3.000000
1752570439.298751,3.000000
1752570439.346184,3.000000
1752570439.416020,3.000000
1752570439.516005,3.000000
1752570439.610095,0.000000
1752570439.648986,0.000000
1752570439.689089,0.000000
1752570439.715451,0.000000
1752570439.815437,0.000000
1752570439.915181,0.000000
1752570439.958827,3.000000
1752570439.999515,3.000000
1752570440.038685,3.000000
1752570440.115725,3.000000
1752570440.215671,3.000000
1752570440.309937,0.000000
1752570440.348631,0.000000
1752570440.388487,0.000000
1752570440.415271,0.000000
1752570440.515519,0.000000
1752570440.616690,0.000000
1752570440.658442,3.000000
1752570440.698725,3.000000
1752570440.738607,3.000000
1752570440.815962,3.000000
1752570440.915575,3.000000
1752570441.009288,0.000000
1752570441.049339,0.000000
1752570441.089044,0.000000
1752570441.115420,0.000000
1752570441.221030,0.000000
1752570441.316090,0.000000
1752570441.358571,3.000000
1752570441.398790,3.000000
1752570441.438653,3.000000
1752570441.515659,3.000000
1752570441.616293,3.000000
1752570441.708741,0.000000
1752570441.748853,0.000000
1752570441.788554,0.000000
1752570441.816791,0.000000
1752570441.916896,0.000000
1752570442.015761,0.000000
1752570442.059769,3.000000
1752570442.098566,3.000000
1752570442.138736,3.000000
1752570442.215695,3.000000
1752570442.315681,3.000000
1752570442.408878,0.000000
1752570442.448898,0.000000
1752570442.488626,0.000000
1752570442.515603,0.000000
1752570442.615528,0.000000
1752570442.715664,0.000000
1752570442.758648,3.000000
1752570442.798771,3.000000
1752570442.838636,3.000000
1752570442.915809,3.000000
1752570443.016743,3.000000
1752570443.108569,0.000000
1752570443.149339,0.000000
1752570443.190483,0.000000
1752570443.217009,0.000000
1752570443.316725,0.000000
1752570443.416026,0.000000
1752570443.458823,3.000000
1752570443.498689,3.000000
1752570443.538873,3.000000
1752570443.615473,3.000000
1752570443.715481,3.000000
1752570443.811223,0.000000
1752570443.849053,0.000000
1752570443.889086,0.000000
1752570443.916305,0.000000
1752570444.015641,0.000000
1752570444.116106,0.000000
1752570444.158698,3.000000
1752570444.198558,3.000000
1752570444.238859,3.000000
1752570444.317287,3.000000
1752570444.416966,3.000000
1752570444.508625,0.000000
1752570444.548785,0.000000
1752570444.590065,0.000000
1752570444.616483,0.000000
1752570444.716339,0.000000
1752570444.816499,0.000000
1752570444.860947,3.000000
1752570444.899288,3.000000
1752570444.938788,3.000000
1752570445.017595,3.000000
1752570445.116685,3.000000
1752570445.208874,0.000000
1752570445.248802,0.000000
1752570445.289092,0.000000
1752570445.316359,0.000000
1752570445.416262,0.000000
1752570445.517389,0.000000
1752570445.558684,3.000000
1752570445.598812,3.000000
1752570445.639565,3.000000
1752570445.717028,3.000000
1752570445.817166,3.000000
1752570445.908718,0.000000
1752570445.948676,0.000000
1752570445.988999,0.000000
1752570446.017167,0.000000
1752570446.117180,0.000000
1752570446.217300,0.000000
1752570446.258898,3.000000
1752570446.298880,3.000000
1752570446.339088,3.000000
1752570446.416838,3.000000
1752570446.516584,3.000000
1752570446.608710,0.000000
1752570446.648669,0.000000
1752570446.688655,0.000000
1752570446.716657,0.000000
1752570446.818054,0.000000
1752570446.917070,0.000000
1752570446.958789,3.000000
1752570446.998720,3.000000
1752570447.039830,3.000000
1752570447.117116,3.000000
1752570447.217279,3.000000
1752570447.309098,0.000000
1752570447.349030,0.000000
1752570447.389137,0.000000
1752570447.417329,0.000000
1752570447.517187,0.000000
1752570447.617712,0.000000
1752570447.660218,3.000000
1752570447.700421,3.000000
1752570447.739068,3.000000
1752570447.816822,3.000000
1752570447.916525,3.000000
1752570448.008834,0.000000
1752570448.049031,0.000000
1752570448.088834,0.000000
1752570448.116618,0.000000
1752570448.216624,0.000000
1752570448.316731,0.000000
1752570448.358710,3.000000
1752570448.398943,3.000000
1752570448.438831,3.000000
1752570448.517226,3.000000
1752570448.617325,3.000000
1752570448.708816,0.000000
1752570448.748695,0.000000
1752570448.790812,0.000000
1752570448.817653,0.000000
1752570448.917246,0.000000
1752570449.016353,0.000000
1752570449.058964,3.000000
1752570449.098898,3.000000
1752570449.138949,3.000000
1752570449.216312,3.000000
1752570449.316218,3.000000
1752570449.408985,0.000000
1752570449.449121,0.000000
1752570449.488961,0.000000
1752570449.516278,0.000000
1752570449.616315,0.000000
1752570449.717432,0.000000
1752570449.760935,3.000000
1752570449.799064,3.000000
1752570449.839657,3.000000
1752570449.917316,3.000000
1752570450.017470,3.000000
1752570450.109004,0.000000
1752570450.150590,0.000000
1752570450.188951,0.000000
1752570450.216296,0.000000
1752570450.316377,0.000000
1752570450.416209,0.000000
1752570450.460684,3.000000
1752570450.500595,3.000000
1752570450.540530,3.000000
1752570450.616271,3.000000
1752570450.716345,3.000000
1752570450.808796,0.000000
1752570450.849406,0.000000
1752570450.890341,0.000000
1752570450.916544,0.000000
1752570451.016953,0.000000
1752570451.116808,0.000000
1752570451.159411,3.000000
1752570451.199439,3.000000
1752570451.239112,3.000000
1752570451.317048,3.000000
1752570451.416935,3.000000
1752570451.508836,0.000000
1752570451.548809,0.000000
1752570451.589183,0.000000
1752570451.616704,0.000000
1752570451.716374,0.000000
1752570451.816377,0.000000
1752570451.861857,3.000000
1752570451.899674,3.000000
1752570451.940585,3.000000
1752570452.016320,3.000000
1752570452.116321,3.000000
1752570452.209161,0.000000
1752570452.249086,0.000000
1752570452.289149,0.000000
1752570452.316898,0.000000
1752570452.416643,0.000000
1752570452.517121,0.000000
1752570452.559352,3.000000
1752570452.599567,3.000000
1752570452.641223,3.000000
1752570452.717139,3.000000
1752570452.816731,3.000000
1752570452.909203,0.000000
1752570452.949074,0.000000
1752570452.989345,0.000000
1752570453.016398,0.000000
1752570453.116718,0.000000
1752570453.216377,0.000000
1752570453.259126,3.000000
1752570453.298978,3.000000
1752570453.339092,3.000000
1752570453.416694,3.000000
1752570453.517162,3.000000
1752570453.609007,0.000000
1752570453.648929,0.000000
1752570453.688998,0.000000
1752570453.718093,0.000000
1752570453.817321,0.000000
1752570453.917719,0.000000
1752570453.959267,3.000000
1752570453.999286,3.000000
1752570454.038990,3.000000
1752570454.117163,3.000000
1752570454.217174,3.000000
1752570454.309129,0.000000
1752570454.350421,0.000000
1752570454.389897,0.000000
1752570454.416879,0.000000
1752570454.516517,0.000000
1752570454.616689,0.000000
1752570454.659048,3.000000
1752570454.699988,3.000000
1752570454.739196,3.000000
1752570454.816923,3.000000
1752570454.916957,3.000000
1752570455.008913,0.000000
1752570455.049963,0.000000
1752570455.089077,0.000000
1752570455.117369,0.000000
1752570455.217590,0.000000
1752570455.318233,0.000000
1752570455.359632,3.000000
1752570455.398919,3.000000
1752570455.439428,3.000000
1752570455.516966,3.000000
1752570455.616936,3.000000
1752570455.709269,0.000000
1752570455.749275,0.000000
1752570455.789506,0.000000
1752570455.816621,0.000000
1752570455.916824,0.000000
1752570456.017503,0.000000
1752570456.058967,3.000000
1752570456.099293,3.000000
1752570456.139403,3.000000
1752570456.217443,3.000000
1752570456.317551,3.000000
1752570456.409050,0.000000
1752570456.449426,0.000000
1752570456.489075,0.000000
1752570456.517367,0.000000
1752570456.617390,0.000000
1752570456.717369,0.000000
1752570456.759176,3.000000
1752570456.799332,3.000000
1752570456.839259,3.000000
1752570456.916787,3.000000
1752570457.017058,3.000000
1752570457.109221,0.000000
1752570457.149895,0.000000
1752570457.189086,0.000000
1752570457.217185,0.000000
1752570457.317292,0.000000
1752570457.416978,0.000000
1752570457.459184,3.000000
1752570457.501211,3.000000
1752570457.539423,3.000000
1752570457.617855,3.000000
1752570457.717108,3.000000
1752570457.809025,0.000000
1752570457.849347,0.000000
1752570457.889275,0.000000
1752570457.917304,0.000000
1752570458.017522,0.000000
1752570458.117213,0.000000
1752570458.159149,3.000000
1752570458.201648,3.000000
1752570458.239252,3.000000
1752570458.323828,3.000000
1752570458.418294,3.000000
1752570458.509008,0.000000
1752570458.549780,0.000000
1752570458.589177,0.000000
1752570458.617002,0.000000
1752570458.716593,0.000000
1752570458.816623,0.000000
1752570458.859024,3.000000
1752570458.899302,3.000000
1752570458.939496,3.000000
1752570459.017111,3.000000
1752570459.117032,3.000000
1752570459.209288,0.000000
1752570459.249260,0.000000
1752570459.289411,0.000000
1752570459.318349,0.000000
1752570459.417357,0.000000
1752570459.516442,0.000000
1752570459.559326,3.000000
1752570459.600133,3.000000
1752570459.639751,3.000000
1752570459.716377,3.000000
1752570459.816523,3.000000
1752570459.909369,0.000000
1752570459.949511,0.000000
1752570459.989291,0.000000
1752570460.016684,0.000000
1752570460.116423,0.000000
1752570460.216407,0.000000
1752570460.259220,3.000000
1752570460.299183,3.000000
1752570460.342635,3.000000
1752570460.417204,3.000000
1752570460.517352,3.000000
1752570460.609273,0.000000
1752570460.649289,0.000000
1752570460.689802,0.000000
1752570460.717502,0.000000
1752570460.816586,0.000000
1752570460.916449,0.000000
1752570460.959989,3.000000
1752570460.999486,3.000000
1752570461.039438,3.000000
1752570461.117178,3.000000
1752570461.217015,3.000000
1752570461.309309,0.000000
1752570461.349142,0.000000
1752570461.389145,0.000000
1752570461.417326,0.000000
1752570461.516426,0.000000
1752570461.616440,0.000000
1752570461.659213,3.000000
1752570461.699240,3.000000
1752570461.739248,3.000000
1752570461.817192,3.000000
1752570461.917245,3.000000
1752570462.009518,0.000000
1752570462.050686,0.000000
1752570462.089444,0.000000
1752570462.117580,0.000000
1752570462.217102,0.000000
1752570462.316921,0.000000
1752570462.359134,3.000000
1752570462.399409,3.000000
1752570462.440404,3.000000
1752570462.517272,3.000000
1752570462.616663,3.000000
1752570462.709488,0.000000
1752570462.749245,0.000000
1752570462.789267,0.000000
1752570462.816258,0.000000
1752570462.916659,0.000000
1752570463.018423,0.000000
1752570463.059504,3.000000
1752570463.099560,3.000000
1752570463.139255,3.000000
1752570463.217649,3.000000
1752570463.317796,3.000000
1752570463.410702,0.000000
1752570463.449583,0.000000
1752570463.489646,0.000000
1752570463.516290,0.000000
1752570463.616489,0.000000
1752570463.716626,0.000000
1752570463.760135,3.000000
1752570463.799286,3.000000
1752570463.839723,3.000000
1752570463.916661,3.000000
1752570464.016618,3.000000
1752570464.109434,0.000000
1752570464.149474,0.000000
1752570464.191670,0.000000
1752570464.216551,0.000000
1752570464.317681,0.000000
1752570464.417763,0.000000
1752570464.459244,3.000000
1752570464.499930,3.000000
1752570464.540701,3.000000
1752570464.617943,3.000000
1752570464.716632,3.000000
1752570464.809352,0.000000
1752570464.850475,0.000000
1752570464.889653,0.000000
1752570464.916534,0.000000
1752570465.020311,0.000000
1752570465.116744,0.000000
1752570465.160077,3.000000
1752570465.199267,3.000000
1752570465.240082,3.000000
1752570465.316915,3.000000
1752570465.416842,3.000000
1752570465.509335,0.000000
1752570465.549344,0.000000
1752570465.589801,0.000000
1752570465.616503,0.000000
1752570465.717576,0.000000
1752570465.817847,0.000000
1752570465.859700,3.000000
1752570465.899276,3.000000
1752570465.940031,3.000000
1752570466.017712,3.000000
1752570466.116934,3.000000
1752570466.211845,0.000000
1752570466.251533,0.000000
1752570466.292302,0.000000
1752570466.317276,0.000000
1752570466.417193,0.000000
1752570466.516754,0.000000
1752570466.559733,3.000000
1752570466.599491,3.000000
1752570466.639825,3.000000
1752570466.717494,3.000000
1752570466.817438,3.000000
1752570466.910308,0.000000
1752570466.951137,0.000000
1752570466.991043,0.000000
1752570467.018293,0.000000
1752570467.117437,0.000000
1752570467.217165,0.000000
1752570467.260344,3.000000
1752570467.300066,3.000000
1752570467.340804,3.000000
1752570467.417043,3.000000
1752570467.517029,3.000000
1752570467.611268,0.000000
1752570467.651685,0.000000
1752570467.691237,0.000000
1752570467.715579,0.000000
1752570467.816623,0.000000
1752570467.915477,0.000000
1752570467.959949,3.000000
1752570468.000145,3.000000
1752570468.039613,3.000000
1752570468.115317,3.000000
1752570468.217462,3.000000
1752570468.311496,0.000000
1752570468.351917,0.000000
1752570468.391603,0.000000
1752570468.414662,0.000000
1752570468.514679,0.000000
1752570468.614517,0.000000
1752570468.659316,3.000000
1752570468.708834,3.000000
1752570468.739366,3.000000
1752570468.819950,3.000000
1752570468.917952,3.000000
1752570469.009883,0.000000
1752570469.049783,0.000000
1752570469.089714,0.000000
1752570469.114771,0.000000
1752570469.214591,0.000000
1752570469.315245,0.000000
1752570469.359708,3.000000
1752570469.399739,3.000000
1752570469.442595,3.000000
1752570469.514550,3.000000
1752570469.615091,3.000000
1752570469.710248,0.000000
1752570469.750179,0.000000
1752570469.791468,0.000000
1752570469.814595,0.000000
1752570469.914793,0.000000
1752570470.015049,0.000000
1752570470.060359,3.000000
1752570470.099629,3.000000
1752570470.139561,3.000000
1752570470.215093,3.000000
1752570470.314704,3.000000
1752570470.411350,0.000000
1752570470.451918,0.000000
1752570470.491161,0.000000
1752570470.514605,0.000000
1752570470.614683,0.000000
1752570470.714818,0.000000
1752570470.759451,3.000000
1752570470.799789,3.000000
1752570470.851260,3.000000
1752570470.914618,3.000000
1752570471.014959,3.000000
1752570471.112074,0.000000
1752570471.151525,0.000000
1752570471.192619,0.000000
1752570471.216775,0.000000
1752570471.318268,0.000000
1752570471.417692,0.000000
1752570471.460463,3.000000
1752570471.500026,3.000000
1752570471.539694,3.000000
1752570471.617522,3.000000
1752570471.716753,3.000000
1752570471.811757,0.000000
1752570471.851500,0.000000
1752570471.891395,0.000000
1752570471.916791,0.000000
1752570472.016733,0.000000
1752570472.116715,0.000000
1752570472.160098,3.000000
1752570472.199678,3.000000
1752570472.239850,3.000000
1752570472.316731,3.000000
1752570472.416945,3.000000
1752570472.511601,0.000000
1752570472.551392,0.000000
1752570472.591978,0.000000
1752570472.616885,0.000000
1752570472.718289,0.000000
1752570472.819367,0.000000
1752570472.861100,3.000000
1752570472.900078,3.000000
1752570472.940066,3.000000
1752570473.017290,3.000000
1752570473.116807,3.000000
1752570473.211794,0.000000
1752570473.251277,0.000000
1752570473.291584,0.000000
1752570473.314998,0.000000
1752570473.415323,0.000000
1752570473.515279,0.000000
1752570473.560295,3.000000
1752570473.600249,3.000000
1752570473.639508,3.000000
1752570473.714751,3.000000
1752570473.815001,3.000000
1752570473.909699,0.000000
1752570473.949540,0.000000
1752570473.989950,0.000000
1752570474.014868,0.000000
1752570474.114740,0.000000
1752570474.218038,0.000000
1752570474.259885,3.000000
1752570474.299633,3.000000
1752570474.340321,3.000000
1752570474.414696,3.000000
1752570474.515156,3.000000
1752570474.610152,0.000000
1752570474.649750,0.000000
1752570474.689623,0.000000
1752570474.714733,0.000000
1752570474.818923,0.000000
1752570474.916085,0.000000
1752570474.959705,3.000000
1752570474.999547,3.000000
1752570475.039561,3.000000
1752570475.117547,3.000000
1752570475.215118,3.000000
1752570475.309858,0.000000
1752570475.349555,0.000000
1752570475.389789,0.000000
1752570475.415208,0.000000
1752570475.514952,0.000000
1752570475.615002,0.000000
1752570475.660099,3.000000
1752570475.700177,3.000000
1752570475.740451,3.000000
1752570475.815652,3.000000
1752570475.914836,3.000000
1752570476.009824,0.000000
1752570476.049993,0.000000
1752570476.089728,0.000000
1752570476.114941,0.000000
1752570476.214786,0.000000
1752570476.315046,0.000000
1752570476.359954,3.000000
1752570476.399554,3.000000
1752570476.439668,3.000000
1752570476.514983,3.000000
1752570476.615165,3.000000
1752570476.709636,0.000000
1752570476.749594,0.000000
1752570476.789765,0.000000
1752570476.815175,0.000000
1752570476.914894,0.000000
1752570477.014899,0.000000
1752570477.059604,3.000000
1752570477.100752,3.000000
1752570477.140888,3.000000
1752570477.215144,3.000000
1752570477.315045,3.000000
1752570477.409819,0.000000
1752570477.450140,0.000000
1752570477.489662,0.000000
1752570477.514879,0.000000
1752570477.614955,0.000000
1752570477.715647,0.000000
1752570477.759906,3.000000
1752570477.799579,3.000000
1752570477.839678,3.000000
1752570477.914888,3.000000
1752570478.015390,3.000000
1752570478.109643,0.000000
1752570478.149674,0.000000
1752570478.190065,0.000000
1752570478.215092,0.000000
1752570478.315225,0.000000
1752570478.414956,0.000000
1752570478.460128,3.000000
1752570478.500139,3.000000
1752570478.540089,3.000000
1752570478.615339,3.000000
1752570478.715463,3.000000
1752570478.810643,0.000000
1752570478.849696,0.000000
1752570478.889777,0.000000
1752570478.915243,0.000000
1752570479.015312,0.000000
1752570479.118026,0.000000
1752570479.160260,3.000000
1752570479.199733,3.000000
1752570479.240113,3.000000
1752570479.315825,3.000000
1752570479.418015,3.000000
1752570479.509674,0.000000
1752570479.549928,0.000000
1752570479.590488,0.000000
1752570479.615368,0.000000
1752570479.715200,0.000000
1752570479.818627,0.000000
1752570479.860507,3.000000
1752570479.899860,3.000000
1752570479.940452,3.000000
1752570480.015104,3.000000
1752570480.117613,3.000000
1752570480.209759,0.000000
1752570480.250930,0.000000
1752570480.289962,0.000000
1752570480.315615,0.000000
1752570480.417508,0.000000
1752570480.518194,0.000000
1752570480.559716,3.000000
1752570480.599885,3.000000
1752570480.643220,3.000000
1752570480.717899,3.000000
1752570480.815000,3.000000
1752570480.910069,0.000000
1752570480.949976,0.000000
1752570480.989963,0.000000
1752570481.015267,0.000000
1752570481.115077,0.000000
1752570481.215150,0.000000
1752570481.260338,3.000000
1752570481.302478,3.000000
1752570481.339847,3.000000
1752570481.416641,3.000000
1752570481.515097,3.000000
1752570481.609760,0.000000
1752570481.649799,0.000000
1752570481.689833,0.000000
1752570481.715173,0.000000
1752570481.815738,0.000000
1752570481.917945,0.000000
1752570481.961156,3.000000
1752570482.000284,3.000000
1752570482.040625,3.000000
1752570482.115092,3.000000
1752570482.214974,3.000000
1752570482.310458,0.000000
1752570482.350171,0.000000
1752570482.390115,0.000000
1752570482.415368,0.000000
1752570482.515257,0.000000
1752570482.621691,0.000000
1752570482.662819,3.000000
1752570482.699842,3.000000
1752570482.740171,3.000000
1752570482.815161,3.000000
1752570482.915395,3.000000
1752570483.010058,0.000000
1752570483.050438,0.000000
1752570483.089877,0.000000
1752570483.115103,0.000000
1752570483.215244,0.000000
1752570483.318442,0.000000
1752570483.360420,3.000000
1752570483.399881,3.000000
1752570483.441064,3.000000
1752570483.515382,3.000000
1752570483.615262,3.000000
1752570483.709942,0.000000
1752570483.749840,0.000000
1752570483.790071,0.000000
1752570483.815494,0.000000
1752570483.916439,0.000000
1752570484.015402,0.000000
1752570484.061740,3.000000
1752570484.100253,3.000000
1752570484.140352,3.000000
1752570484.215261,3.000000
1752570484.315008,3.000000
1752570484.410047,0.000000
1752570484.450162,0.000000
1752570484.494516,0.000000
1752570484.515347,0.000000
1752570484.615606,0.000000
1752570484.715269,0.000000
1752570484.763586,3.000000
1752570484.799927,3.000000
1752570484.839944,3.000000
1752570484.915265,3.000000
1752570485.015984,3.000000
1752570485.110044,0.000000
1752570485.149955,0.000000
1752570485.190157,0.000000
1752570485.215238,0.000000
1752570485.317166,0.000000
1752570485.415550,0.000000
1752570485.460585,3.000000
1752570485.500023,3.000000
1752570485.540166,3.000000
1752570485.616103,3.000000
1752570485.716186,3.000000
1752570485.809897,0.000000
1752570485.850085,0.000000
1752570485.889981,0.000000
1752570485.915533,0.000000
1752570486.015765,0.000000
1752570486.115286,0.000000
1752570486.159918,3.000000
1752570486.200444,3.000000
1752570486.240042,3.000000
1752570486.315255,3.000000
1752570486.415612,3.000000
1752570486.510434,0.000000
1752570486.550414,0.000000
1752570486.590198,0.000000
1752570486.615306,0.000000
1752570486.715245,0.000000
1752570486.815247,0.000000
1752570486.863442,3.000000
1752570486.900579,3.000000
1752570486.940313,3.000000
1752570487.015660,3.000000
1752570487.115371,3.000000
1752570487.210246,0.000000
1752570487.250378,0.000000
1752570487.290539,0.000000
1752570487.318678,0.000000
1752570487.415963,0.000000
1752570487.515268,0.000000
1752570487.560435,3.000000
1752570487.600313,3.000000
1752570487.641989,3.000000
1752570487.715770,3.000000
1752570487.815419,3.000000
1752570487.909943,0.000000
1752570487.950173,0.000000
1752570487.990442,0.000000
1752570488.015623,0.000000
1752570488.116826,0.000000
1752570488.216597,0.000000
1752570488.260576,3.000000
1752570488.300259,3.000000
1752570488.341393,3.000000
1752570488.415549,3.000000
1752570488.515837,3.000000
1752570488.610205,0.000000
1752570488.650309,0.000000
1752570488.690042,0.000000
1752570488.718611,0.000000
1752570488.818716,0.000000
1752570488.917659,0.000000
1752570488.960366,3.000000
1752570489.002530,3.000000
1752570489.041537,3.000000
1752570489.116145,3.000000
1752570489.217407,3.000000
1752570489.311059,0.000000
1752570489.351691,0.000000
1752570489.391577,0.000000
1752570489.416514,0.000000
1752570489.516316,0.000000
1752570489.621065,0.000000
1752570489.660567,3.000000
1752570489.700507,3.000000
1752570489.742117,3.000000
1752570489.818098,3.000000
1752570489.921365,3.000000
1752570490.010241,0.000000
1752570490.050101,0.000000
1752570490.090368,0.000000
1752570490.120367,0.000000
1752570490.218995,0.000000
1752570490.318724,0.000000
1752570490.360192,3.000000
1752570490.401204,3.000000
1752570490.440638,3.000000
1752570490.518621,3.000000
1752570490.619830,3.000000
1752570490.710120,0.000000
1752570490.750356,0.000000
1752570490.790520,0.000000
1752570490.818557,0.000000
1752570490.922694,0.000000
1752570491.019694,0.000000
1752570491.060741,3.000000
1752570491.100694,3.000000
1752570491.140316,3.000000
1752570491.218836,3.000000
1752570491.319582,3.000000
1752570491.411062,0.000000
1752570491.450336,0.000000
1752570491.490244,0.000000
1752570491.518875,0.000000
1752570491.620789,0.000000
1752570491.718287,0.000000
1752570491.765800,3.000000
1752570491.802360,3.000000
1752570491.840780,3.000000
1752570491.918458,3.000000
1752570492.024126,3.000000
1752570492.110306,0.000000
1752570492.151276,0.000000
1752570492.190343,0.000000
1752570492.218283,0.000000
1752570492.319190,0.000000
1752570492.419096,0.000000
1752570492.461074,3.000000
1752570492.500792,3.000000
1752570492.541075,3.000000
1752570492.619220,3.000000
1752570492.719295,3.000000
1752570492.810492,0.000000
1752570492.851093,0.000000
1752570492.890377,0.000000
1752570492.921216,0.000000
1752570493.019381,0.000000
1752570493.118837,0.000000
1752570493.161892,3.000000
1752570493.200544,3.000000
1752570493.240343,3.000000
1752570493.318597,3.000000
1752570493.419210,3.000000
1752570493.510312,0.000000
1752570493.550659,0.000000
1752570493.590345,0.000000
1752570493.618973,0.000000
1752570493.719376,0.000000
1752570493.819252,0.000000
1752570493.860525,3.000000
1752570493.900561,3.000000
1752570493.940544,3.000000
1752570494.022700,3.000000
1752570494.123907,3.000000
1752570494.210426,0.000000
1752570494.250412,0.000000
1752570494.290514,0.000000
1752570494.318554,0.000000
1752570494.418778,0.000000
1752570494.518828,0.000000
1752570494.562160,3.000000
1752570494.601588,3.000000
1752570494.642334,3.000000
1752570494.718591,3.000000
1752570494.818640,3.000000
1752570494.911510,0.000000
1752570494.950845,0.000000
1752570494.990629,0.000000
1752570495.019085,0.000000
1752570495.118971,0.000000
1752570495.219340,0.000000
1752570495.260766,3.000000
1752570495.300333,3.000000
1752570495.340466,3.000000
1752570495.419700,3.000000
1752570495.518886,3.000000
1752570495.610281,0.000000
1752570495.650363,0.000000
1752570495.691266,0.000000
1752570495.718536,0.000000
1752570495.818604,0.000000
1752570495.919330,0.000000
1752570495.960349,3.000000
1752570496.000529,3.000000
1752570496.040992,3.000000
1752570496.115423,3.000000
1752570496.215843,3.000000
1752570496.310513,0.000000
1752570496.350226,0.000000
1752570496.390235,0.000000
1752570496.416959,0.000000
1752570496.520000,0.000000
1752570496.616217,0.000000
1752570496.660452,3.000000
1752570496.700251,3.000000
1752570496.740365,3.000000
1752570496.815554,3.000000
1752570496.915571,3.000000
1752570497.011411,0.000000
1752570497.051638,0.000000
1752570497.092840,0.000000
1752570497.115963,0.000000
1752570497.215434,0.000000
1752570497.315515,0.000000
1752570497.360291,3.000000
1752570497.400760,3.000000
1752570497.443013,3.000000
1752570497.516001,3.000000
1752570497.616182,3.000000
1752570497.710991,0.000000
1752570497.751684,0.000000
1752570497.790507,0.000000
1752570497.817532,0.000000
1752570497.915627,0.000000
1752570498.015798,0.000000
1752570498.060623,3.000000
1752570498.100347,3.000000
1752570498.140720,3.000000
1752570498.216162,3.000000
1752570498.316140,3.000000
1752570498.410343,0.000000
1752570498.454141,0.000000
1752570498.490465,0.000000
1752570498.516142,0.000000
1752570498.616308,0.000000
1752570498.715742,0.000000
1752570498.760373,3.000000
1752570498.800847,3.000000
1752570498.840686,3.000000
1752570498.916084,3.000000
1752570499.015850,3.000000
1752570499.110609,0.000000
1752570499.150820,0.000000
1752570499.190619,0.000000
1752570499.216920,0.000000
1752570499.316334,0.000000
1752570499.416265,0.000000
1752570499.461040,3.000000
1752570499.501001,3.000000
1752570499.542076,3.000000
1752570499.616601,3.000000
1752570499.716033,3.000000
1752570499.810433,0.000000
1752570499.850848,0.000000
1752570499.895703,0.000000
1752570499.916364,0.000000
1752570500.020943,0.000000
1752570500.115552,0.000000
1752570500.162690,3.000000
1752570500.200607,3.000000
1752570500.241200,3.000000
1752570500.315823,3.000000
1752570500.416601,3.000000
1752570500.510803,0.000000
1752570500.552562,0.000000
1752570500.590441,0.000000
1752570500.615843,0.000000
1752570500.715973,0.000000
1752570500.816002,0.000000
1752570500.862829,3.000000
1752570500.901117,3.000000
1752570500.940452,3.000000
1752570501.016179,3.000000
1752570501.116004,3.000000
1752570501.210547,0.000000
1752570501.251440,0.000000
1752570501.290418,0.000000
1752570501.316229,0.000000
1752570501.417148,0.000000
1752570501.516032,0.000000
1752570501.561172,3.000000
1752570501.601279,3.000000
1752570501.641748,3.000000
1752570501.715667,3.000000
1752570501.815716,3.000000
1752570501.911263,0.000000
1752570501.951719,0.000000
1752570501.991030,0.000000
1752570502.015831,0.000000
1752570502.115802,0.000000
1752570502.215843,0.000000
1752570502.260505,3.000000
1752570502.301433,3.000000
1752570502.340554,3.000000
1752570502.415891,3.000000
1752570502.517924,3.000000
1752570502.610514,0.000000
1752570502.650630,0.000000
1752570502.691164,0.000000
1752570502.716205,0.000000
1752570502.816351,0.000000
1752570502.916429,0.000000
1752570502.960959,3.000000
1752570503.001574,3.000000
1752570503.041620,3.000000
1752570503.115776,3.000000
1752570503.215916,3.000000
1752570503.311171,0.000000
1752570503.351972,0.000000
1752570503.390628,0.000000
1752570503.416331,0.000000
1752570503.515894,0.000000
1752570503.615620,0.000000
1752570503.660803,3.000000
1752570503.700820,3.000000
1752570503.740642,3.000000
1752570503.815788,3.000000
1752570503.915873,3.000000
1752570504.010830,0.000000
1752570504.050546,0.000000
1752570504.090445,0.000000
1752570504.116244,0.000000
1752570504.216105,0.000000
1752570504.316144,0.000000
1752570504.361342,3.000000
1752570504.401552,3.000000
1752570504.441328,3.000000
1752570504.516076,3.000000
1752570504.615697,3.000000
1752570504.711984,0.000000
1752570504.751730,0.000000
1752570504.790934,0.000000
1752570504.819622,0.000000
1752570504.915770,0.000000
1752570505.015765,0.000000
1752570505.060642,3.000000
1752570505.100558,3.000000
1752570505.140896,3.000000
1752570505.215799,3.000000
1752570505.315998,3.000000
1752570505.410532,0.000000
1752570505.450884,0.000000
1752570505.491196,0.000000
1752570505.516845,0.000000
1752570505.620424,0.000000
1752570505.716051,0.000000
1752570505.761840,3.000000
1752570505.801599,3.000000
1752570505.841455,3.000000
1752570505.916614,3.000000
1752570506.015834,3.000000
1752570506.110656,0.000000
1752570506.150764,0.000000
1752570506.190674,0.000000
1752570506.215850,0.000000
1752570506.316761,0.000000
1752570506.417620,0.000000
1752570506.460532,3.000000
1752570506.500588,3.000000
1752570506.541690,3.000000
1752570506.615774,3.000000
1752570506.717562,3.000000
1752570506.810960,0.000000
1752570506.850582,0.000000
1752570506.890546,0.000000
1752570506.916474,0.000000
1752570507.016017,0.000000
1752570507.118132,0.000000
1752570507.161282,3.000000
1752570507.201463,3.000000
1752570507.243444,3.000000
1752570507.316080,3.000000
1752570507.416452,3.000000
1752570507.510984,0.000000
1752570507.550541,0.000000
1752570507.590821,0.000000
1752570507.616001,0.000000
1752570507.715766,0.000000
1752570507.816122,0.000000
1752570507.860626,3.000000
1752570507.902293,3.000000
1752570507.940588,3.000000
1752570508.017558,3.000000
1752570508.116174,3.000000
1752570508.211712,0.000000
1752570508.251224,0.000000
1752570508.290970,0.000000
1752570508.315910,0.000000
1752570508.416707,0.000000
1752570508.516939,0.000000
1752570508.561658,3.000000
1752570508.602419,3.000000
1752570508.642075,3.000000
1752570508.716892,3.000000
1752570508.815887,3.000000
1752570508.910953,0.000000
1752570508.950951,0.000000
1752570508.991020,0.000000
1752570509.016330,0.000000
1752570509.116168,0.000000
1752570509.217517,0.000000
1752570509.261383,3.000000
1752570509.304549,3.000000
1752570509.341179,3.000000
1752570509.416235,3.000000
1752570509.515964,3.000000
1752570509.611104,0.000000
1752570509.651017,0.000000
1752570509.692154,0.000000
1752570509.715849,0.000000
1752570509.816175,0.000000
1752570509.915922,0.000000
1752570509.960778,3.000000
1752570510.000693,3.000000
1752570510.040731,3.000000
1752570510.115962,3.000000
1752570510.216248,3.000000
1752570510.310997,0.000000
1752570510.350659,0.000000
1752570510.390730,0.000000
1752570510.416243,0.000000
1752570510.515905,0.000000
1752570510.616273,0.000000
1752570510.661762,3.000000
1752570510.702470,3.000000
1752570510.741824,3.000000
1752570510.815933,3.000000
1752570510.915836,3.000000
1752570511.010685,0.000000
1752570511.052608,0.000000
1752570511.092267,0.000000
1752570511.116830,0.000000
1752570511.216888,0.000000
1752570511.316209,0.000000
1752570511.360745,3.000000
1752570511.402736,3.000000
1752570511.442492,3.000000
1752570511.516671,3.000000
1752570511.616448,3.000000
1752570511.710853,0.000000
1752570511.750814,0.000000
1752570511.791800,0.000000
1752570511.816944,0.000000
1752570511.916356,0.000000
1752570512.016843,0.000000
1752570512.063076,3.000000
1752570512.102593,3.000000
1752570512.142639,3.000000
1752570512.216845,3.000000
1752570512.316394,3.000000
1752570512.412371,0.000000
1752570512.452554,0.000000
1752570512.494276,0.000000
1752570512.516476,0.000000
1752570512.616630,0.000000
1752570512.716578,0.000000
1752570512.762449,3.000000
1752570512.802831,3.000000
1752570512.842322,3.000000
1752570512.916464,3.000000
1752570513.017521,3.000000
1752570513.111625,0.000000
1752570513.151582,0.000000
1752570513.191558,0.000000
1752570513.216422,0.000000
1752570513.316189,0.000000
1752570513.420188,0.000000
1752570513.462893,3.000000
1752570513.503213,3.000000
1752570513.543454,3.000000
1752570513.616370,3.000000
1752570513.716747,3.000000
1752570513.811608,0.000000
1752570513.852204,0.000000
1752570513.891601,0.000000
1752570513.916280,0.000000
1752570514.016637,0.000000
1752570514.117331,0.000000
1752570514.161961,3.000000
1752570514.202564,3.000000
1752570514.242122,3.000000
1752570514.316351,3.000000
1752570514.416686,3.000000
1752570514.511738,0.000000
1752570514.550994,0.000000
1752570514.591490,0.000000
1752570514.616214,0.000000
1752570514.715981,0.000000
1752570514.816442,0.000000
1752570514.863021,3.000000
1752570514.905184,3.000000
1752570514.943195,3.000000
1752570515.016567,3.000000
1752570515.116037,3.000000
1752570515.214194,0.000000
1752570515.251597,0.000000
1752570515.291518,0.000000
1752570515.316100,0.000000
1752570515.416019,0.000000
1752570515.516159,0.000000
1752570515.562128,3.000000
1752570515.602928,3.000000
1752570515.642392,3.000000
1752570515.717160,3.000000
1752570515.816808,3.000000
1752570515.911884,0.000000
1752570515.951763,0.000000
1752570515.992065,0.000000
1752570516.018428,0.000000
1752570516.116341,0.000000
1752570516.216833,0.000000
1752570516.263196,3.000000
1752570516.303402,3.000000
1752570516.343093,3.000000
1752570516.416210,3.000000
1752570516.516316,3.000000
1752570516.612368,0.000000
1752570516.652034,0.000000
1752570516.692608,0.000000
1752570516.716279,0.000000
1752570516.816363,0.000000
1752570516.916480,0.000000
1752570516.962482,3.000000
1752570517.002825,3.000000
1752570517.042595,3.000000
1752570517.116433,3.000000
1752570517.216609,3.000000
1752570517.311704,0.000000
1752570517.351848,0.000000
1752570517.391836,0.000000
1752570517.416535,0.000000
1752570517.516224,0.000000
1752570517.621657,0.000000
1752570517.662529,3.000000
1752570517.703921,3.000000
1752570517.743020,3.000000
1752570517.816436,3.000000
1752570517.916488,3.000000
1752570518.011843,0.000000
1752570518.052542,0.000000
1752570518.092031,0.000000
1752570518.116514,0.000000
1752570518.216206,0.000000
1752570518.318042,0.000000
1752570518.362487,3.000000
1752570518.402936,3.000000
1752570518.442725,3.000000
1752570518.517721,3.000000
1752570518.616570,3.000000
1752570518.711956,0.000000
1752570518.751527,0.000000
1752570518.791680,0.000000
1752570518.816911,0.000000
1752570518.916314,0.000000
1752570519.016271,0.000000
1752570519.062704,3.000000
1752570519.103146,3.000000
1752570519.143078,3.000000
1752570519.216274,3.000000
1752570519.316494,3.000000
1752570519.411031,0.000000
1752570519.451703,0.000000
1752570519.491626,0.000000
1752570519.516148,0.000000
1752570519.616544,0.000000
1752570519.717316,0.000000
1752570519.761425,3.000000
1752570519.801859,3.000000
1752570519.841527,3.000000
1752570519.917635,3.000000
1752570520.017250,3.000000
1752570520.111072,0.000000
1752570520.151627,0.000000
1752570520.191649,0.000000
1752570520.216793,0.000000
1752570520.317672,0.000000
1752570520.418239,0.000000
1752570520.461506,3.000000
1752570520.501794,3.000000
1752570520.543255,3.000000
1752570520.616763,3.000000
1752570520.716896,3.000000
1752570520.811528,0.000000
1752570520.851696,0.000000
1752570520.891770,0.000000
1752570520.916390,0.000000
1752570521.017398,0.000000
1752570521.116626,0.000000
1752570521.161341,3.000000
1752570521.202739,3.000000
1752570521.241819,3.000000
1752570521.316684,3.000000
1752570521.416359,3.000000
1752570521.511770,0.000000
1752570521.551937,0.000000
1752570521.591849,0.000000
1752570521.616524,0.000000
1752570521.716497,0.000000
1752570521.816463,0.000000
1752570521.861813,3.000000
1752570521.902503,3.000000
1752570521.941625,3.000000
1752570522.016603,3.000000
1752570522.116706,3.000000
1752570522.211745,0.000000
1752570522.251752,0.000000
1752570522.293001,0.000000
1752570522.316718,0.000000
1752570522.418393,0.000000
1752570522.516843,0.000000
1752570522.562458,3.000000
1752570522.601470,3.000000
1752570522.641421,3.000000
1752570522.716510,3.000000
1752570522.816354,3.000000
1752570522.912584,0.000000
1752570522.951700,0.000000
1752570522.992481,0.000000
1752570523.016213,0.000000
1752570523.116362,0.000000
1752570523.216475,0.000000
1752570523.262028,3.000000
1752570523.302206,3.000000
1752570523.341870,3.000000
1752570523.417048,3.000000
1752570523.516804,3.000000
1752570523.612332,0.000000
1752570523.652097,0.000000
1752570523.691884,0.000000
1752570523.716943,0.000000
1752570523.816921,0.000000
1752570523.916871,0.000000
1752570523.961478,3.000000
1752570524.001629,3.000000
1752570524.042821,3.000000
1752570524.116291,3.000000
1752570524.216327,3.000000
1752570524.311881,0.000000
1752570524.352417,0.000000
1752570524.392537,0.000000
1752570524.416457,0.000000
1752570524.516634,0.000000
1752570524.616639,0.000000
1752570524.663224,3.000000
1752570524.701857,3.000000
1752570524.741549,3.000000
1752570524.817921,3.000000
1752570524.917180,3.000000
1752570525.011792,0.000000
1752570525.052065,0.000000
1752570525.093708,0.000000
1752570525.117152,0.000000
1752570525.216577,0.000000
1752570525.316746,0.000000
1752570525.362064,3.000000
1752570525.401936,3.000000
1752570525.442302,3.000000
1752570525.516575,3.000000
1752570525.616570,3.000000
1752570525.711959,0.000000
1752570525.753205,0.000000
1752570525.791794,0.000000
1752570525.816689,0.000000
1752570525.916794,0.000000
1752570526.017178,0.000000
1752570526.061474,3.000000
1752570526.101711,3.000000
1752570526.141655,3.000000
1752570526.218688,3.000000
1752570526.316718,3.000000
1752570526.412374,0.000000
1752570526.454399,0.000000
1752570526.491804,0.000000
1752570526.517102,0.000000
1752570526.616645,0.000000
1752570526.719999,0.000000
1752570526.762629,3.000000
1752570526.801648,3.000000
1752570526.842121,3.000000
1752570526.916581,3.000000
1752570527.016542,3.000000
1752570527.112690,0.000000
1752570527.152692,0.000000
1752570527.192393,0.000000
1752570527.216754,0.000000
1752570527.317491,0.000000
1752570527.416610,0.000000
1752570527.461682,3.000000
1752570527.501691,3.000000
1752570527.541997,3.000000
1752570527.616901,3.000000
1752570527.716577,3.000000
1752570527.812517,0.000000
1752570527.852805,0.000000
1752570527.892774,0.000000
1752570527.916454,0.000000
1752570528.016521,0.000000
1752570528.116999,0.000000
1752570528.161634,3.000000
1752570528.201666,3.000000
1752570528.242635,3.000000
1752570528.316648,3.000000
1752570528.416441,3.000000
1752570528.512454,0.000000
1752570528.552538,0.000000
1752570528.592403,0.000000
1752570528.616536,0.000000
1752570528.716607,0.000000
1752570528.816854,0.000000
1752570528.862758,3.000000
1752570528.901837,3.000000
1752570528.941730,3.000000
1752570529.016360,3.000000
1752570529.116432,3.000000
1752570529.213944,0.000000
1752570529.253139,0.000000
1752570529.292707,0.000000
1752570529.317292,0.000000
1752570529.418268,0.000000
1752570529.516802,0.000000
1752570529.561783,3.000000
1752570529.601790,3.000000
1752570529.641802,3.000000
1752570529.716410,3.000000
1752570529.820671,3.000000
1752570529.912250,0.000000
1752570529.952972,0.000000
1752570529.992176,0.000000
1752570530.016795,0.000000
1752570530.116742,0.000000
1752570530.216823,0.000000
1752570530.261909,3.000000
1752570530.302592,3.000000
1752570530.342249,3.000000
1752570530.416845,3.000000
1752570530.516491,3.000000
1752570530.612430,0.000000
1752570530.652997,0.000000
1752570530.693351,0.000000
1752570530.716514,0.000000
1752570530.816572,0.000000
1752570530.916679,0.000000
1752570530.962476,3.000000
1752570531.002196,3.000000
1752570531.042261,3.000000
1752570531.116499,3.000000
1752570531.216760,3.000000
1752570531.312403,0.000000
1752570531.352465,0.000000
1752570531.392276,0.000000
1752570531.417224,0.000000
1752570531.517220,0.000000
1752570531.617350,0.000000
1752570531.661974,3.000000
1752570531.701987,3.000000
1752570531.742521,3.000000
1752570531.816673,3.000000
1752570531.916756,3.000000
1752570532.013171,0.000000
1752570532.053007,0.000000
1752570532.092850,0.000000
1752570532.116687,0.000000
1752570532.216895,0.000000
1752570532.317146,0.000000
1752570532.364671,3.000000
1752570532.402324,3.000000
1752570532.442172,3.000000
1752570532.516817,3.000000
1752570532.617232,3.000000
1752570532.712268,0.000000
1752570532.752658,0.000000
1752570532.793384,0.000000
1752570532.818523,0.000000
1752570532.917052,0.000000
1752570533.018118,0.000000
1752570533.062014,3.000000
1752570533.102092,3.000000
1752570533.144483,3.000000
1752570533.216679,3.000000
1752570533.316997,3.000000
1752570533.414112,0.000000
1752570533.452947,0.000000
1752570533.492841,0.000000
1752570533.516634,0.000000
1752570533.616753,0.000000
1752570533.716886,0.000000
1752570533.761954,3.000000
1752570533.802180,3.000000
1752570533.842416,3.000000
1752570533.916836,3.000000
1752570534.017193,3.000000
1752570534.112491,0.000000
1752570534.152636,0.000000
1752570534.192540,0.000000
1752570534.217703,0.000000
1752570534.317126,0.000000
1752570534.420383,0.000000
1752570534.462480,3.000000
1752570534.502418,3.000000
1752570534.544252,3.000000
1752570534.616729,3.000000
1752570534.717121,3.000000
1752570534.812756,0.000000
1752570534.852583,0.000000
1752570534.893271,0.000000
1752570534.917746,0.000000
1752570535.016706,0.000000
1752570535.116528,0.000000
1752570535.162205,3.000000
1752570535.202382,3.000000
1752570535.242616,3.000000
1752570535.319350,3.000000
1752570535.417324,3.000000
1752570535.512476,0.000000
1752570535.532627,0.000000
1752570535.572421,0.000000
1752570535.612600,0.000000
1752570535.617057,0.000000
1752570535.716676,0.000000
1752570535.816738,0.000000
1752570535.917114,0.000000
1752570536.016616,0.000000
1752570536.116576,0.000000
1752570536.216625,0.000000
1752570536.317216,0.000000
1752570536.416822,0.000000
1752570536.516964,0.000000
1752570536.617550,0.000000
1752570536.717736,0.000000
1752570536.818166,0.000000
1752570536.916615,0.000000
1752570537.017250,0.000000
1752570537.116983,0.000000
1752570537.216736,0.000000
1752570537.316663,0.000000
1752570537.416789,0.000000
1752570537.516953,0.000000
1752570537.616687,0.000000
1752570537.716696,0.000000
1752570537.817149,0.000000
1752570537.917317,0.000000
1752570538.017192,0.000000
1752570538.117047,0.000000
1752570538.216663,0.000000
